key,id,box,center,centroid,width,height,area,relative_box,relative_center,delta_abs_center,delta_relative_center,delta_size,delta_area,core_mask_xor_after_registration,core_union_rgba_differences_after_registration,window_rgba_differences_after_registration,window_alpha_differences_after_registration,body_bbox_relative_center,delta_body_bbox_relative_center,full_footprint,full_footprint_method
normal,B1,"[27, 28, 38, 39]","[32.5, 33.5]","[32.36923076923077, 33.01538461538462]",11,11,65,"[19, 14, 30, 25]","[24.5, 19.5]","[0.0, 0.0]","[0.0, 0.0]","[0, 0]",0,0,0,0,0,"[24.5, 19.5]","[0.0, 0.0]","{'box': [25, 27, 40, 40], 'center': [32.5, 33.5], 'centroid': [32.0, 33.0], 'width': 15, 'height': 13, 'area': 151}",independent alpha>0 4-connected component
normal,B2,"[101, 32, 115, 44]","[108.0, 38.0]","[108.34615384615384, 37.25]",14,12,104,"[93, 18, 107, 30]","[100.0, 24.0]","[0.0, 0.0]","[0.0, 0.0]","[0, 0]",0,0,0,0,0,"[100.0, 24.0]","[0.0, 0.0]","{'box': [100, 29, 117, 46], 'center': [108.5, 37.5], 'centroid': [108.03389830508475, 37.01271186440678], 'width': 17, 'height': 17, 'area': 236}",independent alpha>0 4-connected component
normal,B3,"[9, 72, 27, 87]","[18.0, 79.5]","[18.19526627218935, 78.59171597633136]",18,15,169,"[1, 58, 19, 73]","[10.0, 65.5]","[0.0, 0.0]","[0.0, 0.0]","[0, 0]",0,0,0,0,0,"[10.0, 65.5]","[0.0, 0.0]","{'box': [8, 69, 28, 89], 'center': [18.0, 79.0], 'centroid': [17.549689440993788, 78.46583850931677], 'width': 20, 'height': 20, 'area': 322}",independent alpha>0 4-connected component
normal,B4,"[106, 77, 118, 88]","[112.0, 82.5]","[112.08823529411765, 81.94117647058823]",12,11,68,"[98, 63, 110, 74]","[104.0, 68.5]","[0.0, 0.0]","[0.0, 0.0]","[0, 0]",0,0,0,0,0,"[104.0, 68.5]","[0.0, 0.0]","{'box': [105, 75, 119, 90], 'center': [112.0, 82.5], 'centroid': [111.562874251497, 81.95808383233533], 'width': 14, 'height': 15, 'area': 167}",independent alpha>0 4-connected component
normal,B5,"[103, 91, 109, 96]","[106.0, 93.5]","[106.16666666666667, 93.16666666666667]",6,5,18,"[95, 77, 101, 82]","[98.0, 79.5]","[0.0, 0.0]","[0.0, 0.0]","[0, 0]",0,0,0,0,0,"[98.0, 79.5]","[0.0, 0.0]","{'box': [102, 90, 111, 97], 'center': [106.5, 93.5], 'centroid': [105.86666666666666, 93.0], 'width': 9, 'height': 7, 'area': 45}","45-pixel restoration provenance support, not merged alpha component"
happy,B1,"[27, 28, 40, 41]","[33.5, 34.5]","[33.44, 33.93]",13,13,100,"[18, 14, 31, 27]","[24.5, 20.5]","[1.0, 1.0]","[0.0, 1.0]","[2, 2]",35,71,118,220,70,"[23.5, 20.5]","[-1.0, 1.0]","{'box': [25, 27, 42, 43], 'center': [33.5, 35.0], 'centroid': [33.056872037914694, 34.39810426540284], 'width': 17, 'height': 16, 'area': 211}",independent alpha>0 4-connected component
happy,B2,"[101, 32, 117, 46]","[109.0, 39.0]","[109.0, 38.56774193548387]",16,14,155,"[92, 18, 108, 32]","[100.0, 25.0]","[1.0, 1.0]","[0.0, 1.0]","[2, 2]",51,81,170,408,109,"[99.0, 25.0]","[-1.0, 1.0]","{'box': [100, 31, 119, 48], 'center': [109.5, 39.5], 'centroid': [108.79775280898876, 38.92134831460674], 'width': 19, 'height': 17, 'area': 267}",independent alpha>0 4-connected component
happy,B3,"[10, 71, 29, 89]","[19.5, 80.0]","[19.621145374449338, 79.74449339207048]",19,18,227,"[1, 57, 20, 75]","[10.5, 66.0]","[1.5, 0.5]","[0.5, 0.5]","[1, 3]",58,110,253,481,79,"[9.5, 66.0]","[-0.5, 0.5]","{'box': [8, 69, 31, 90], 'center': [19.5, 79.5], 'centroid': [19.035616438356165, 79.2931506849315], 'width': 23, 'height': 21, 'area': 365}",independent alpha>0 4-connected component
happy,B4,"[106, 77, 119, 89]","[112.5, 83.0]","[112.19791666666667, 82.3125]",13,12,96,"[97, 63, 110, 75]","[103.5, 69.0]","[0.5, 0.5]","[-0.5, 0.5]","[1, 1]",28,58,111,215,33,"[102.5, 69.0]","[-1.5, 0.5]","{'box': [105, 75, 120, 90], 'center': [112.5, 82.5], 'centroid': [111.91573033707866, 82.10112359550561], 'width': 15, 'height': 15, 'area': 178}",independent alpha>0 4-connected component
happy,B5,"[103, 91, 109, 96]","[106.0, 93.5]","[106.16666666666667, 93.16666666666667]",6,5,18,"[94, 77, 100, 82]","[97.0, 79.5]","[0.0, 0.0]","[-1.0, 0.0]","[0, 0]",0,12,19,33,11,"[96.0, 79.5]","[-2.0, 0.0]","{'box': [102, 90, 111, 97], 'center': [106.5, 93.5], 'centroid': [105.86666666666666, 93.0], 'width': 9, 'height': 7, 'area': 45}","45-pixel restoration provenance support, not merged alpha component"
strained,B1,"[27, 28, 40, 41]","[33.5, 34.5]","[33.0, 34.13725490196079]",13,13,102,"[19, 14, 32, 27]","[25.5, 20.5]","[1.0, 1.0]","[1.0, 1.0]","[2, 2]",37,75,121,215,63,"[25.5, 20.5]","[1.0, 1.0]","{'box': [25, 27, 41, 43], 'center': [33.0, 35.0], 'centroid': [32.6551724137931, 34.443349753694584], 'width': 16, 'height': 16, 'area': 203}",independent alpha>0 4-connected component
strained,B2,"[99, 31, 116, 47]","[107.5, 39.0]","[108.07333333333334, 38.35333333333333]",17,16,150,"[91, 17, 108, 33]","[99.5, 25.0]","[-0.5, 1.0]","[-0.5, 1.0]","[3, 4]",46,86,170,427,88,"[99.5, 25.0]","[-0.5, 1.0]",,joined to body/another bubble; full contour not uniquely segmentable by alpha; use exact blue-core metrics and full-window comparison
strained,B3,"[10, 70, 29, 88]","[19.5, 79.0]","[19.024509803921568, 78.33823529411765]",19,18,204,"[2, 56, 21, 74]","[11.5, 65.0]","[1.5, -0.5]","[1.5, -0.5]","[1, 3]",35,129,251,475,79,"[11.5, 65.0]","[1.5, -0.5]","{'box': [8, 69, 30, 90], 'center': [19.0, 79.5], 'centroid': [18.73130193905817, 78.77839335180056], 'width': 22, 'height': 21, 'area': 361}",independent alpha>0 4-connected component
strained,B4,"[104, 77, 118, 90]","[111.0, 83.5]","[110.8252427184466, 82.71844660194175]",14,13,103,"[96, 63, 110, 76]","[103.0, 69.5]","[-1.0, 1.0]","[-1.0, 1.0]","[2, 2]",35,63,117,226,56,"[103.0, 69.5]","[-1.0, 1.0]",,joined to body/another bubble; full contour not uniquely segmentable by alpha; use exact blue-core metrics and full-window comparison
strained,B5,"[103, 91, 109, 96]","[106.0, 93.5]","[106.16666666666667, 93.16666666666667]",6,5,18,"[95, 77, 101, 82]","[98.0, 79.5]","[0.0, 0.0]","[0.0, 0.0]","[0, 0]",0,0,0,4,3,"[98.0, 79.5]","[0.0, 0.0]","{'box': [102, 90, 111, 97], 'center': [106.5, 93.5], 'centroid': [105.86666666666666, 93.0], 'width': 9, 'height': 7, 'area': 45}","45-pixel restoration provenance support, not merged alpha component"
hungry,B1,"[27, 29, 40, 42]","[33.5, 35.5]","[33.19607843137255, 35.029411764705884]",13,13,102,"[18, 15, 31, 28]","[24.5, 21.5]","[1.0, 2.0]","[0.0, 2.0]","[2, 2]",37,81,124,220,79,"[23.5, 21.5]","[-1.0, 2.0]","{'box': [25, 27, 41, 44], 'center': [33.0, 35.5], 'centroid': [32.73267326732673, 35.118811881188115], 'width': 16, 'height': 17, 'area': 202}",independent alpha>0 4-connected component
hungry,B2,"[100, 31, 117, 48]","[108.5, 39.5]","[108.58757062146893, 39.07909604519774]",17,17,177,"[91, 17, 108, 34]","[99.5, 25.5]","[0.5, 1.5]","[-0.5, 1.5]","[3, 5]",73,107,194,458,126,"[98.5, 25.5]","[-1.5, 1.5]",,joined to body/another bubble; full contour not uniquely segmentable by alpha; use exact blue-core metrics and full-window comparison
hungry,B3,"[10, 72, 29, 89]","[19.5, 80.5]","[19.258536585365853, 79.92682926829268]",19,17,205,"[1, 58, 20, 75]","[10.5, 66.5]","[1.5, 1.0]","[0.5, 1.0]","[1, 2]",36,106,240,494,100,"[9.5, 66.5]","[-0.5, 1.0]","{'box': [8, 70, 30, 91], 'center': [19.0, 80.5], 'centroid': [18.60112359550562, 79.97752808988764], 'width': 22, 'height': 21, 'area': 356}",independent alpha>0 4-connected component
hungry,B4,"[106, 78, 119, 90]","[112.5, 84.0]","[112.15841584158416, 83.36633663366337]",13,12,101,"[97, 64, 110, 76]","[103.5, 70.0]","[0.5, 1.5]","[-0.5, 1.5]","[1, 1]",33,69,119,230,62,"[102.5, 70.0]","[-1.5, 1.5]",,joined to body/another bubble; full contour not uniquely segmentable by alpha; use exact blue-core metrics and full-window comparison
hungry,B5,"[103, 91, 109, 96]","[106.0, 93.5]","[106.16666666666667, 93.16666666666667]",6,5,18,"[94, 77, 100, 82]","[97.0, 79.5]","[0.0, 0.0]","[-1.0, 0.0]","[0, 0]",0,12,19,40,17,"[96.0, 79.5]","[-2.0, 0.0]","{'box': [102, 90, 111, 97], 'center': [106.5, 93.5], 'centroid': [105.86666666666666, 93.0], 'width': 9, 'height': 7, 'area': 45}","45-pixel restoration provenance support, not merged alpha component"
sick,B1,"[27, 28, 41, 42]","[34.0, 35.0]","[33.70967741935484, 34.33064516129032]",14,14,124,"[18, 15, 32, 29]","[25.0, 22.0]","[1.5, 1.5]","[0.5, 2.5]","[3, 3]",59,101,145,245,101,"[25.0, 21.0]","[0.5, 1.5]","{'box': [25, 27, 43, 43], 'center': [34.0, 35.0], 'centroid': [33.54867256637168, 34.491150442477874], 'width': 18, 'height': 16, 'area': 226}",independent alpha>0 4-connected component
sick,B2,"[99, 31, 117, 46]","[108.0, 38.5]","[108.19540229885058, 38.229885057471265]",18,15,174,"[90, 18, 108, 33]","[99.0, 25.5]","[0.0, 0.5]","[-1.0, 1.5]","[4, 3]",70,100,189,435,113,"[99.0, 24.5]","[-1.0, 0.5]",,joined to body/another bubble; full contour not uniquely segmentable by alpha; use exact blue-core metrics and full-window comparison
sick,B3,"[10, 69, 29, 88]","[19.5, 78.5]","[19.490654205607477, 77.99065420560747]",19,19,214,"[1, 56, 20, 75]","[10.5, 65.5]","[1.5, -1.0]","[0.5, 0.0]","[1, 4]",45,113,248,503,87,"[10.5, 64.5]","[0.5, -1.0]","{'box': [8, 67, 30, 89], 'center': [19.0, 78.0], 'centroid': [18.610526315789475, 77.6078947368421], 'width': 22, 'height': 22, 'area': 380}",independent alpha>0 4-connected component
sick,B4,"[104, 75, 118, 88]","[111.0, 81.5]","[110.98290598290598, 81.14529914529915]",14,13,117,"[95, 62, 109, 75]","[102.0, 68.5]","[-1.0, -1.0]","[-2.0, 0.0]","[2, 2]",49,77,131,262,86,"[102.0, 67.5]","[-2.0, -1.0]",,joined to body/another bubble; full contour not uniquely segmentable by alpha; use exact blue-core metrics and full-window comparison
sick,B5,"[103, 91, 109, 96]","[106.0, 93.5]","[106.16666666666667, 93.16666666666667]",6,5,18,"[94, 78, 100, 83]","[97.0, 80.5]","[0.0, 0.0]","[-1.0, 1.0]","[0, 0]",0,14,19,40,17,"[97.0, 79.5]","[-1.0, 0.0]","{'box': [102, 90, 111, 97], 'center': [106.5, 93.5], 'centroid': [105.86666666666666, 93.0], 'width': 9, 'height': 7, 'area': 45}","45-pixel restoration provenance support, not merged alpha component"
tired,B1,"[27, 28, 41, 42]","[34.0, 35.0]","[33.51639344262295, 34.377049180327866]",14,14,122,"[18, 14, 32, 28]","[25.0, 21.0]","[1.5, 1.5]","[0.5, 1.5]","[3, 3]",57,81,134,221,67,"[24.0, 21.0]","[-0.5, 1.5]","{'box': [25, 27, 42, 43], 'center': [33.5, 35.0], 'centroid': [33.18483412322275, 34.46919431279621], 'width': 17, 'height': 16, 'area': 211}",independent alpha>0 4-connected component
tired,B2,"[100, 31, 117, 47]","[108.5, 39.0]","[108.70833333333333, 38.67857142857143]",17,16,168,"[91, 17, 108, 33]","[99.5, 25.0]","[0.5, 1.0]","[-0.5, 1.0]","[3, 4]",64,92,182,417,93,"[98.5, 25.0]","[-1.5, 1.0]",,joined to body/another bubble; full contour not uniquely segmentable by alpha; use exact blue-core metrics and full-window comparison
tired,B3,"[10, 71, 29, 89]","[19.5, 80.0]","[19.732394366197184, 79.5868544600939]",19,18,213,"[1, 57, 20, 75]","[10.5, 66.0]","[1.5, 0.5]","[0.5, 0.5]","[1, 3]",44,102,242,485,82,"[9.5, 66.0]","[-0.5, 0.5]","{'box': [8, 69, 31, 90], 'center': [19.5, 79.5], 'centroid': [19.25418994413408, 79.18994413407822], 'width': 23, 'height': 21, 'area': 358}",independent alpha>0 4-connected component
tired,B4,"[106, 77, 119, 90]","[112.5, 83.5]","[112.35922330097087, 82.95145631067962]",13,13,103,"[97, 63, 110, 76]","[103.5, 69.5]","[0.5, 1.0]","[-0.5, 1.0]","[1, 2]",35,57,114,220,46,"[102.5, 69.5]","[-1.5, 1.0]","{'box': [105, 76, 120, 91], 'center': [112.5, 83.5], 'centroid': [112.02298850574712, 82.87931034482759], 'width': 15, 'height': 15, 'area': 174}",independent alpha>0 4-connected component
tired,B5,"[103, 91, 109, 96]","[106.0, 93.5]","[106.16666666666667, 93.16666666666667]",6,5,18,"[94, 77, 100, 82]","[97.0, 79.5]","[0.0, 0.0]","[-1.0, 0.0]","[0, 0]",0,12,19,35,13,"[96.0, 79.5]","[-2.0, 0.0]","{'box': [102, 90, 111, 97], 'center': [106.5, 93.5], 'centroid': [105.86666666666666, 93.0], 'width': 9, 'height': 7, 'area': 45}","45-pixel restoration provenance support, not merged alpha component"
sulky,B1,"[26, 28, 40, 41]","[33.0, 34.5]","[32.716981132075475, 33.91509433962264]",14,13,106,"[18, 14, 32, 27]","[25.0, 20.5]","[0.5, 1.0]","[0.5, 1.0]","[3, 2]",41,67,119,216,68,"[23.0, 20.5]","[-1.5, 1.0]","{'box': [25, 27, 42, 43], 'center': [33.5, 35.0], 'centroid': [32.75121951219512, 34.36585365853659], 'width': 17, 'height': 16, 'area': 205}",independent alpha>0 4-connected component
sulky,B2,"[101, 31, 118, 46]","[109.5, 38.5]","[109.62576687116564, 38.030674846625764]",17,15,163,"[93, 17, 110, 32]","[101.5, 24.5]","[1.5, 0.5]","[1.5, 0.5]","[3, 3]",59,103,185,401,65,"[99.5, 24.5]","[-0.5, 0.5]","{'box': [100, 29, 119, 47], 'center': [109.5, 38.0], 'centroid': [109.2536231884058, 37.65942028985507], 'width': 19, 'height': 18, 'area': 276}",independent alpha>0 4-connected component
sulky,B3,"[10, 71, 29, 89]","[19.5, 80.0]","[19.621004566210047, 79.42922374429224]",19,18,219,"[2, 57, 21, 75]","[11.5, 66.0]","[1.5, 0.5]","[1.5, 0.5]","[1, 3]",50,132,260,480,97,"[9.5, 66.0]","[-0.5, 0.5]","{'box': [8, 69, 31, 90], 'center': [19.5, 79.5], 'centroid': [19.054347826086957, 79.03260869565217], 'width': 23, 'height': 21, 'area': 368}",independent alpha>0 4-connected component
sulky,B4,"[106, 77, 119, 90]","[112.5, 83.5]","[112.2843137254902, 83.01960784313725]",13,13,102,"[98, 63, 111, 76]","[104.5, 69.5]","[0.5, 1.0]","[0.5, 1.0]","[1, 2]",34,62,116,201,41,"[102.5, 69.5]","[-1.5, 1.0]","{'box': [105, 76, 120, 91], 'center': [112.5, 83.5], 'centroid': [112.07567567567567, 82.93513513513514], 'width': 15, 'height': 15, 'area': 185}",independent alpha>0 4-connected component
sulky,B5,"[103, 91, 109, 96]","[106.0, 93.5]","[106.16666666666667, 93.16666666666667]",6,5,18,"[95, 77, 101, 82]","[98.0, 79.5]","[0.0, 0.0]","[0.0, 0.0]","[0, 0]",0,0,0,2,2,"[96.0, 79.5]","[-2.0, 0.0]","{'box': [102, 90, 111, 97], 'center': [106.5, 93.5], 'centroid': [105.86666666666666, 93.0], 'width': 9, 'height': 7, 'area': 45}","45-pixel restoration provenance support, not merged alpha component"
weak,B1,"[27, 28, 40, 42]","[33.5, 35.0]","[33.15686274509804, 34.470588235294116]",13,14,102,"[19, 14, 32, 28]","[25.5, 21.0]","[1.0, 1.5]","[1.0, 1.5]","[2, 3]",37,75,121,221,77,"[24.5, 21.0]","[0.0, 1.5]","{'box': [26, 27, 42, 43], 'center': [34.0, 35.0], 'centroid': [33.37128712871287, 34.57425742574257], 'width': 16, 'height': 16, 'area': 202}",independent alpha>0 4-connected component
weak,B2,"[100, 31, 116, 47]","[108.0, 39.0]","[107.84057971014492, 38.391304347826086]",16,16,138,"[92, 17, 108, 33]","[100.0, 25.0]","[0.0, 1.0]","[0.0, 1.0]","[2, 4]",34,94,168,408,92,"[99.0, 25.0]","[-1.0, 1.0]",,joined to body/another bubble; full contour not uniquely segmentable by alpha; use exact blue-core metrics and full-window comparison
weak,B3,"[10, 70, 29, 88]","[19.5, 79.0]","[19.421319796954315, 78.85786802030456]",19,18,197,"[2, 56, 21, 74]","[11.5, 65.0]","[1.5, -0.5]","[1.5, -0.5]","[1, 3]",28,126,246,483,91,"[10.5, 65.0]","[0.5, -0.5]","{'box': [8, 68, 30, 90], 'center': [19.0, 79.0], 'centroid': [18.780423280423282, 78.55555555555556], 'width': 22, 'height': 22, 'area': 378}",independent alpha>0 4-connected component
weak,B4,"[105, 77, 118, 89]","[111.5, 83.0]","[111.1590909090909, 82.42045454545455]",13,12,88,"[97, 63, 110, 75]","[103.5, 69.0]","[-0.5, 0.5]","[-0.5, 0.5]","[1, 1]",20,56,106,193,25,"[102.5, 69.0]","[-1.5, 0.5]","{'box': [104, 75, 119, 90], 'center': [111.5, 82.5], 'centroid': [110.94535519125684, 82.21311475409836], 'width': 15, 'height': 15, 'area': 183}",independent alpha>0 4-connected component
weak,B5,"[103, 91, 109, 96]","[106.0, 93.5]","[106.16666666666667, 93.16666666666667]",6,5,18,"[95, 77, 101, 82]","[98.0, 79.5]","[0.0, 0.0]","[0.0, 0.0]","[0, 0]",0,0,0,0,0,"[97.0, 79.5]","[-1.0, 0.0]","{'box': [102, 90, 111, 97], 'center': [106.5, 93.5], 'centroid': [105.86666666666666, 93.0], 'width': 9, 'height': 7, 'area': 45}","45-pixel restoration provenance support, not merged alpha component"
critical,B1,"[26, 29, 40, 43]","[33.0, 36.0]","[33.12173913043478, 35.14782608695652]",14,14,115,"[18, 15, 32, 29]","[25.0, 22.0]","[0.5, 2.5]","[0.5, 2.5]","[3, 3]",50,100,140,249,108,"[24.0, 22.0]","[-0.5, 2.5]","{'box': [25, 27, 44, 44], 'center': [34.5, 35.5], 'centroid': [33.6017316017316, 34.93073593073593], 'width': 19, 'height': 17, 'area': 231}",independent alpha>0 4-connected component
critical,B2,"[99, 31, 117, 47]","[108.0, 39.0]","[107.4375, 38.78977272727273]",18,16,176,"[91, 17, 109, 33]","[100.0, 25.0]","[0.0, 1.0]","[0.0, 1.0]","[4, 4]",72,102,191,423,95,"[99.0, 25.0]","[-1.0, 1.0]",,joined to body/another bubble; full contour not uniquely segmentable by alpha; use exact blue-core metrics and full-window comparison
critical,B3,"[9, 70, 28, 90]","[18.5, 80.0]","[18.828451882845187, 79.6276150627615]",19,20,239,"[1, 56, 20, 76]","[10.5, 66.0]","[0.5, 0.5]","[0.5, 0.5]","[1, 5]",70,150,279,506,112,"[9.5, 66.0]","[-0.5, 0.5]","{'box': [8, 69, 31, 91], 'center': [19.5, 80.0], 'centroid': [18.94736842105263, 79.57894736842105], 'width': 23, 'height': 22, 'area': 399}",independent alpha>0 4-connected component
critical,B4,"[105, 76, 118, 90]","[111.5, 83.0]","[111.16521739130435, 82.47826086956522]",13,14,115,"[97, 62, 110, 76]","[103.5, 69.0]","[-0.5, 0.5]","[-0.5, 0.5]","[1, 3]",47,73,128,211,41,"[102.5, 69.0]","[-1.5, 0.5]",,joined to body/another bubble; full contour not uniquely segmentable by alpha; use exact blue-core metrics and full-window comparison
critical,B5,"[103, 91, 109, 96]","[106.0, 93.5]","[106.16666666666667, 93.16666666666667]",6,5,18,"[95, 77, 101, 82]","[98.0, 79.5]","[0.0, 0.0]","[0.0, 0.0]","[0, 0]",0,0,0,4,3,"[97.0, 79.5]","[-1.0, 0.0]","{'box': [102, 90, 111, 97], 'center': [106.5, 93.5], 'centroid': [105.86666666666666, 93.0], 'width': 9, 'height': 7, 'area': 45}","45-pixel restoration provenance support, not merged alpha component"
wantsPlay,B1,"[27, 28, 41, 42]","[34.0, 35.0]","[33.5, 34.82692307692308]",14,14,104,"[18, 14, 32, 28]","[25.0, 21.0]","[1.5, 1.5]","[0.5, 1.5]","[3, 3]",39,73,121,220,68,"[25.0, 21.0]","[0.5, 1.5]","{'box': [25, 27, 42, 43], 'center': [33.5, 35.0], 'centroid': [33.214285714285715, 34.542857142857144], 'width': 17, 'height': 16, 'area': 210}",independent alpha>0 4-connected component
wantsPlay,B2,"[100, 31, 117, 47]","[108.5, 39.0]","[108.72, 38.56]",17,16,150,"[91, 17, 108, 33]","[99.5, 25.0]","[0.5, 1.0]","[-0.5, 1.0]","[3, 4]",46,96,175,399,65,"[99.5, 25.0]","[-0.5, 1.0]",,joined to body/another bubble; full contour not uniquely segmentable by alpha; use exact blue-core metrics and full-window comparison
wantsPlay,B3,"[10, 70, 29, 89]","[19.5, 79.5]","[19.78181818181818, 79.03636363636363]",19,19,220,"[1, 56, 20, 75]","[10.5, 65.5]","[1.5, 0.0]","[0.5, 0.0]","[1, 4]",51,115,252,497,86,"[10.5, 65.5]","[0.5, 0.0]","{'box': [8, 68, 31, 90], 'center': [19.5, 79.0], 'centroid': [19.3515625, 78.75260416666667], 'width': 23, 'height': 22, 'area': 384}",independent alpha>0 4-connected component
wantsPlay,B4,"[106, 76, 118, 89]","[112.0, 82.5]","[112.20689655172414, 81.98850574712644]",12,13,87,"[97, 62, 109, 75]","[103.0, 68.5]","[0.0, 0.0]","[-1.0, 0.0]","[0, 2]",19,53,104,221,41,"[103.0, 68.5]","[-1.0, 0.0]","{'box': [104, 75, 120, 90], 'center': [112.0, 82.5], 'centroid': [111.63978494623656, 81.94623655913979], 'width': 16, 'height': 15, 'area': 186}",independent alpha>0 4-connected component
wantsPlay,B5,"[103, 91, 109, 96]","[106.0, 93.5]","[106.16666666666667, 93.16666666666667]",6,5,18,"[94, 77, 100, 82]","[97.0, 79.5]","[0.0, 0.0]","[-1.0, 0.0]","[0, 0]",0,12,19,33,11,"[97.0, 79.5]","[-1.0, 0.0]","{'box': [102, 90, 111, 97], 'center': [106.5, 93.5], 'centroid': [105.86666666666666, 93.0], 'width': 9, 'height': 7, 'area': 45}","45-pixel restoration provenance support, not merged alpha component"
sleeping,B1,"[26, 28, 41, 41]","[33.5, 34.5]","[33.38655462184874, 34.075630252100844]",15,13,119,"[18, 14, 33, 27]","[25.5, 20.5]","[1.0, 1.0]","[1.0, 1.0]","[4, 2]",54,88,136,235,80,"[23.5, 20.5]","[-1.0, 1.0]","{'box': [25, 26, 42, 43], 'center': [33.5, 34.5], 'centroid': [32.93362831858407, 33.9070796460177], 'width': 17, 'height': 17, 'area': 226}",independent alpha>0 4-connected component
sleeping,B2,"[100, 30, 116, 46]","[108.0, 38.0]","[108.19642857142857, 37.86904761904762]",16,16,168,"[92, 16, 108, 32]","[100.0, 24.0]","[0.0, 0.0]","[0.0, 0.0]","[2, 4]",64,86,179,412,70,"[98.0, 24.0]","[-2.0, 0.0]",,joined to body/another bubble; full contour not uniquely segmentable by alpha; use exact blue-core metrics and full-window comparison
sleeping,B3,"[10, 69, 29, 88]","[19.5, 78.5]","[19.455696202531644, 78.31223628691983]",19,19,237,"[2, 55, 21, 74]","[11.5, 64.5]","[1.5, -1.0]","[1.5, -1.0]","[1, 4]",68,132,269,493,88,"[9.5, 64.5]","[-0.5, -1.0]","{'box': [8, 68, 30, 90], 'center': [19.0, 79.0], 'centroid': [18.75, 78.33072916666667], 'width': 22, 'height': 22, 'area': 384}",independent alpha>0 4-connected component
sleeping,B4,"[104, 76, 118, 89]","[111.0, 82.5]","[110.99122807017544, 81.90350877192982]",14,13,114,"[96, 62, 110, 75]","[103.0, 68.5]","[-1.0, 0.0]","[-1.0, 0.0]","[2, 2]",46,60,121,231,60,"[101.0, 68.5]","[-3.0, 0.0]",,joined to body/another bubble; full contour not uniquely segmentable by alpha; use exact blue-core metrics and full-window comparison
sleeping,B5,"[103, 91, 109, 96]","[106.0, 93.5]","[106.16666666666667, 93.16666666666667]",6,5,18,"[95, 77, 101, 82]","[98.0, 79.5]","[0.0, 0.0]","[0.0, 0.0]","[0, 0]",0,0,0,3,3,"[96.0, 79.5]","[-2.0, 0.0]","{'box': [102, 90, 111, 97], 'center': [106.5, 93.5], 'centroid': [105.86666666666666, 93.0], 'width': 9, 'height': 7, 'area': 45}","45-pixel restoration provenance support, not merged alpha component"
