"region","spot id","表示名","spot種別","landmark","secret","hub","出口","みち本数","crowd","zone","実画面で見える特徴","分類","発見通知の妥当性","推奨通知レベル","必要なscenery修正","備考"
"home","gate","いえのまえ","plaza","","","","","1","1","いえのまえ","ひろばの じめん(alpha .5)だけ","D","画面は その へんの 地面と おなじ。何も ない","L0","",""
"home","yard","にわ","plaza","","","yes","","4","7","いえのまえ","専用の もの(struct/絵文字 175-230) / 住民が あつまる(crowd>=3) / ぶんきの 🪧(size84・どこも おなじ)","A","この spot 専用の ものが 立って いる","L2","",""
"home","house","おうちのよこ","rest","","","","","3","3","いえのまえ","専用の もの(struct/絵文字 175-230) / 住民が あつまる(crowd>=3)","A","この spot 専用の ものが 立って いる","L2","",""
"home","shed","のきした","shelter","","","","","3","3","いえのまえ","専用の もの(struct/絵文字 175-230) / 住民が あつまる(crowd>=3)","A","この spot 専用の ものが 立って いる","L2","",""
"home","lane","こみち","path","","","","","2","1","うらにわ","みちいろの じめん(alpha .28)だけ","C","zone の なかの 通過点。🪧 いがい 何も ない","L0","",""
"home","garden","はなばたけ","grove","","","","","4","3","うらにわ","専用の もの(struct/絵文字 175-230) / 住民が あつまる(crowd>=3) / ぶんきの 🪧(size84・どこも おなじ)","A","この spot 専用の ものが 立って いる","L2","",""
"home","bench","ベンチ","rest","","","","","3","3","うらにわ","専用の もの(struct/絵文字 175-230) / 住民が あつまる(crowd>=3)","A","この spot 専用の ものが 立って いる","L2","",""
"home","veg","はたけ","grove","","","","","2","2","うらにわ","専用の もの(struct/絵文字 175-230)","A","この spot 専用の ものが 立って いる","L2","",""
"home","park","こうえん","plaza","","","","","5","6","うらにわ","専用の もの(struct/絵文字 175-230) / 住民が あつまる(crowd>=3) / ぶんきの 🪧(size84・どこも おなじ)","A","この spot 専用の ものが 立って いる","L2","",""
"home","alley","いえのうらみち","path","","","","","2","0","となりのこみち","みちいろの じめん(alpha .28)だけ","C","zone の なかの 通過点。🪧 いがい 何も ない","L0","",""
"home","hedge","いけがきのかど","path","","","","","3","1","となりのこみち","専用の もの(struct/絵文字 175-230) / ぶんきの 🪧(size84・どこも おなじ)","B","場所としては いみが ある が、目じるしは ない","L0","",""
"home","pond","ひみつのいけ","water","","yes","","","2","1","おおきなきのまわり","専用の もの(struct/絵文字 175-230) / あおい みずたまり(半径いっぱい) / まわりを しゃへいぶつ 4つで かこむ","A","しゃへいぶつの わ を ぬけた さきに ある。体験として 成立","L3","",""
"home","swing","きのしたのブランコ","rest","","","","","2","3","おおきなきのまわり","専用の もの(struct/絵文字 175-230) / 住民が あつまる(crowd>=3)","A","この spot 専用の ものが 立って いる","L2","",""
"home","bigtree","おおきなき","edge","bigtree","","","gate","2","2","おおきなきのまわり","専用の おおきな めじるし(size560) / カメラが 引く(430→560/600)","A","landmark。画面を 占める 大きさ(560)で ぜったいに わかる","L3","","cam=wide"
"city","station","えきまえ","plaza","","","","","1","7","えきまえ","専用の もの(struct/絵文字 175-230) / 住民が あつまる(crowd>=3)","A","この spot 専用の ものが 立って いる","L2","",""
"city","square","えきまえひろば","plaza","","","yes","","4","9","えきまえ","専用の もの(struct/絵文字 175-230) / 住民が あつまる(crowd>=3) / ぶんきの 🪧(size84・どこも おなじ)","A","この spot 専用の ものが 立って いる","L2","",""
"city","cross1","おおどおりのこうさてん","path","","","","","2","4","しょうてんがい","専用の もの(struct/絵文字 175-230) / 住民が あつまる(crowd>=3)","B","場所としては いみが ある が、目じるしは ない","L0","",""
"city","cross2","こうさてん","path","","","","","2","4","こうえん","専用の もの(struct/絵文字 175-230) / 住民が あつまる(crowd>=3)","B","場所としては いみが ある が、目じるしは ない","L0","",""
"city","cafe","カフェどおり","shelter","","","","","2","7","えきまえ","専用の もの(struct/絵文字 175-230) / 住民が あつまる(crowd>=3)","A","この spot 専用の ものが 立って いる","L2","",""
"city","cross5","おおどおりのなかほど","path","","","","","3","2","えきまえ","専用の もの(struct/絵文字 175-230) / ぶんきの 🪧(size84・どこも おなじ)","B","場所としては いみが ある が、目じるしは ない","L0","",""
"city","arcade","しょうてんがい","shop","","","","","3","7","しょうてんがい","専用の もの(struct/絵文字 175-230) / 住民が あつまる(crowd>=3)","A","この spot 専用の ものが 立って いる","L2","",""
"city","bakery","パンやのまえ","shop","","","","","3","3","しょうてんがい","専用の もの(struct/絵文字 175-230) / 住民が あつまる(crowd>=3)","A","この spot 専用の ものが 立って いる","L2","",""
"city","flower","はなやのかど","shop","","","","","2","2","しょうてんがい","専用の もの(struct/絵文字 175-230)","A","この spot 専用の ものが 立って いる","L2","",""
"city","arcade2","しょうてんがいのおく","shop","","","","","3","4","しょうてんがい","専用の もの(struct/絵文字 175-230) / 住民が あつまる(crowd>=3)","B","場所としては いみが ある が、目じるしは ない","L0","",""
"city","stalls","やたいのならび","shop","","","","mouth","3","5","いちばどおり","専用の もの(struct/絵文字 175-230) / 住民が あつまる(crowd>=3)","A","この spot 専用の ものが 立って いる","L2","",""
"city","market","よいちのひろば","plaza","","","","","4","6","いちばどおり","専用の もの(struct/絵文字 175-230) / 住民が あつまる(crowd>=3) / ぶんきの 🪧(size84・どこも おなじ)","A","この spot 専用の ものが 立って いる","L2","",""
"city","fish","さかなやのまえ","shop","","","","","2","3","いちばどおり","専用の もの(struct/絵文字 175-230) / 住民が あつまる(crowd>=3)","A","この spot 専用の ものが 立って いる","L2","",""
"city","marketback","いちばのうら","path","","","","","2","0","いちばどおり","みちいろの じめん(alpha .28)だけ","C","zone の なかの 通過点。🪧 いがい 何も ない","L0","",""
"city","alley","ろじうら","path","","","","","4","1","ろじうら","ぶんきの 🪧(size84・どこも おなじ)","C","zone の なかの 通過点。🪧 いがい 何も ない","L0","",""
"city","cats","ねこのばしょ","rest","","yes","","","1","1","ろじうら","専用の もの(struct/絵文字 175-230) / まわりを しゃへいぶつ 4つで かこむ","A","しゃへいぶつの わ を ぬけた さきに ある。体験として 成立","L3","",""
"city","backdoor","ビルのうらぐち","path","","","","","3","0","ろじうら","ぶんきの 🪧(size84・どこも おなじ)","C","zone の なかの 通過点。🪧 いがい 何も ない","L0","",""
"city","backlot","ビルのうら","path","","","","","4","1","ろじうら","ぶんきの 🪧(size84・どこも おなじ)","C","zone の なかの 通過点。🪧 いがい 何も ない","L0","",""
"city","rooftop","やねのうえ","rest","","yes","","","1","1","ろじうら","まわりを しゃへいぶつ 4つで かこむ","A","しゃへいぶつの わ を ぬけた さきに ある。体験として 成立","L3","",""
"city","alley2","ほそいろじ","path","","","","","2","0","ろじうら","みちいろの じめん(alpha .28)だけ","C","zone の なかの 通過点。🪧 いがい 何も ない","L0","",""
"city","park","こうえん","plaza","","","","","3","6","こうえん","専用の もの(struct/絵文字 175-230) / 住民が あつまる(crowd>=3) / ぶんきの 🪧(size84・どこも おなじ)","A","この spot 専用の ものが 立って いる","L2","",""
"city","pond","こうえんのいけ","water","","","","","4","3","こうえん","あおい みずたまり(半径いっぱい) / 住民が あつまる(crowd>=3)","A","みずたまりが 半径いっぱいに えがかれる","L2","",""
"city","playground","あそびば","plaza","","","","","2","3","こうえん","専用の もの(struct/絵文字 175-230) / 住民が あつまる(crowd>=3)","A","この spot 専用の ものが 立って いる","L2","",""
"city","parkwalk","こうえんのこみち","path","","","","","3","1","こうえん","ぶんきの 🪧(size84・どこも おなじ)","C","zone の なかの 通過点。🪧 いがい 何も ない","L0","",""
"city","riverwalk","かわぞいのみち","path","","","","","2","1","かわぞいのみち","専用の もの(struct/絵文字 175-230)","A","この spot 専用の ものが 立って いる","L2","",""
"city","riverpark","かわらのひろば","plaza","","","","","3","3","かわぞいのみち","住民が あつまる(crowd>=3) / ぶんきの 🪧(size84・どこも おなじ)","B","場所としては いみが ある が、目じるしは ない","L0","",""
"city","citybridge","まちのはし","path","","","","","3","1","かわぞいのみち","専用の もの(struct/絵文字 175-230) / ぶんきの 🪧(size84・どこも おなじ)","A","この spot 専用の ものが 立って いる","L2","",""
"city","boatpier","ふなつきば","rest","","","","gate","2","2","かわぞいのみち","専用の もの(struct/絵文字 175-230)","A","この spot 専用の ものが 立って いる","L2","",""
"city","rivercross","かわぞいのこうさてん","path","","","","","2","1","かわぞいのみち","専用の もの(struct/絵文字 175-230)","B","場所としては いみが ある が、目じるしは ない","L0","",""
"city","office1","オフィスがい","path","","","","","4","2","オフィスがい","専用の もの(struct/絵文字 175-230) / ぶんきの 🪧(size84・どこも おなじ)","A","この spot 専用の ものが 立って いる","L2","",""
"city","office2","ビルのはざま","path","","","","","3","0","オフィスがい","ぶんきの 🪧(size84・どこも おなじ)","C","zone の なかの 通過点。🪧 いがい 何も ない","L0","",""
"city","plaza2","ビルのひろば","plaza","","","","","4","3","オフィスがい","専用の もの(struct/絵文字 175-230) / 住民が あつまる(crowd>=3) / ぶんきの 🪧(size84・どこも おなじ)","A","この spot 専用の ものが 立って いる","L2","",""
"city","cross4","おおどおりのはし","path","","","","gate","3","2","オフィスがい","専用の もの(struct/絵文字 175-230) / ぶんきの 🪧(size84・どこも おなじ)","B","場所としては いみが ある が、目じるしは ない","L0","",""
"city","resid1","じゅうたくがい","plaza","","","","","3","3","じゅうたくがい","専用の もの(struct/絵文字 175-230) / 住民が あつまる(crowd>=3) / ぶんきの 🪧(size84・どこも おなじ)","A","この spot 専用の ものが 立って いる","L2","",""
"city","resid2","いえなみのみち","path","","","","","3","1","じゅうたくがい","ぶんきの 🪧(size84・どこも おなじ)","C","zone の なかの 通過点。🪧 いがい 何も ない","L0","",""
"city","cityshrine","まちのおやしろ","rest","","","","","2","2","じゅうたくがい","専用の もの(struct/絵文字 175-230)","A","この spot 専用の ものが 立って いる","L2","",""
"city","catlane","ねこのほそみち","rest","","yes","","","1","1","じゅうたくがい","専用の もの(struct/絵文字 175-230) / まわりを しゃへいぶつ 4つで かこむ","A","しゃへいぶつの わ を ぬけた さきに ある。体験として 成立","L3","",""
"city","hillfoot","さかしたのかど","path","","","","","3","1","じゅうたくがい","専用の もの(struct/絵文字 175-230) / ぶんきの 🪧(size84・どこも おなじ)","B","場所としては いみが ある が、目じるしは ない","L0","",""
"city","slope","さかみち","path","","","","","3","1","たかだい","ぶんきの 🪧(size84・どこも おなじ)","C","zone の なかの 通過点。🪧 いがい 何も ない","L0","",""
"city","cross3","さかのこうさてん","path","","","","","4","2","たかだい","専用の もの(struct/絵文字 175-230) / ぶんきの 🪧(size84・どこも おなじ)","B","場所としては いみが ある が、目じるしは ない","L0","",""
"city","steps","ながいかいだん","path","","","","","2","0","たかだい","みちいろの じめん(alpha .28)だけ","C","zone の なかの 通過点。🪧 いがい 何も ない","L0","",""
"city","uphouse","たかだいのいえなみ","path","","","","","3","1","たかだい","ぶんきの 🪧(size84・どこも おなじ)","C","zone の なかの 通過点。🪧 いがい 何も ない","L0","",""
"city","lookout","てんぼうひろば","edge","","","","","5","3","たかだい","カメラが 引く(430→560/600) / 住民が あつまる(crowd>=3)","F","なまえは とくちょうを やくそくする のに 画面に それが ない","L0","みはらし: てすり/岩/道しるべ など 1つ 置けば L2 に 上げられる","cam=wide"
"city","towerplaza","とけいとうのひろば","plaza","","","","","3","3","とけいとうのおか","専用の もの(struct/絵文字 175-230) / 住民が あつまる(crowd>=3) / ぶんきの 🪧(size84・どこも おなじ)","A","この spot 専用の ものが 立って いる","L2","",""
"city","citygarden","たかだいのにわ","grove","","","","","2","2","とけいとうのおか","専用の もの(struct/絵文字 175-230)","A","この spot 専用の ものが 立って いる","L2","",""
"city","tower","とけいとう","edge","tower","","","","2","2","とけいとうのおか","専用の おおきな めじるし(size560) / カメラが 引く(430→560/600)","A","landmark。画面を 占める 大きさ(560)で ぜったいに わかる","L3","","cam=wide"
"city","obs","ひみつのてんぼう","rest","","yes","","","1","1","とけいとうのおか","まわりを しゃへいぶつ 4つで かこむ","A","しゃへいぶつの わ を ぬけた さきに ある。体験として 成立","L3","",""
"countryside","gate","むらのいりぐち","plaza","","","","","1","1","むら","ひろばの じめん(alpha .5)だけ","D","画面は その へんの 地面と おなじ。何も ない","L0","",""
"countryside","village","むらのひろば","plaza","","","yes","","5","9","むら","専用の もの(struct/絵文字 175-230) / 住民が あつまる(crowd>=3) / ぶんきの 🪧(size84・どこも おなじ)","A","この spot 専用の ものが 立って いる","L2","",""
"countryside","store","むらのよろずや","shop","","","","","2","5","むら","専用の もの(struct/絵文字 175-230) / 住民が あつまる(crowd>=3)","A","この spot 専用の ものが 立って いる","L2","",""
"countryside","bus","バスていのベンチ","rest","","","","","2","4","むら","専用の もの(struct/絵文字 175-230) / 住民が あつまる(crowd>=3)","B","場所としては いみが ある が、目じるしは ない","L0","",""
"countryside","road","あぜみち","path","","","","","2","3","むら","住民が あつまる(crowd>=3)","B","場所としては いみが ある が、目じるしは ない","L0","",""
"countryside","field1","はたけ","grove","","","","","3","3","はたけ","専用の もの(struct/絵文字 175-230) / 住民が あつまる(crowd>=3) / ぶんきの 🪧(size84・どこも おなじ)","A","この spot 専用の ものが 立って いる","L2","",""
"countryside","field2","ひろいはたけ","grove","","","","","2","2","はたけ","専用の もの(struct/絵文字 175-230)","A","この spot 専用の ものが 立って いる","L2","",""
"countryside","scarecrow","かかしのみち","path","","","","","3","1","はたけ","専用の もの(struct/絵文字 175-230) / ぶんきの 🪧(size84・どこも おなじ)","B","場所としては いみが ある が、目じるしは ない","L0","",""
"countryside","paddy","たんぼのあぜ","path","","","","","3","0","はたけ","ぶんきの 🪧(size84・どこも おなじ)","C","zone の なかの 通過点。🪧 いがい 何も ない","L0","",""
"countryside","shed2","のうぐごや","shelter","","","","","3","2","はたけ","専用の もの(struct/絵文字 175-230)","A","この spot 専用の ものが 立って いる","L2","",""
"countryside","orchard","かじゅえん","grove","","","","","4","3","かじゅえん","専用の もの(struct/絵文字 175-230) / 住民が あつまる(crowd>=3) / ぶんきの 🪧(size84・どこも おなじ)","A","この spot 専用の ものが 立って いる","L2","",""
"countryside","orchard2","りんごのき","grove","","","","","3","2","かじゅえん","専用の もの(struct/絵文字 175-230) / ぶんきの 🪧(size84・どこも おなじ)","A","この spot 専用の ものが 立って いる","L2","",""
"countryside","ladder","はしごのおくば","path","","","","","2","0","かじゅえん","みちいろの じめん(alpha .28)だけ","F","なまえは とくちょうを やくそくする のに 画面に それが ない","L0","とくちょう物を 1つ 足すか、なまえを 弱める",""
"countryside","meadow","そうげん","plaza","","","","","5","5","そうげん","住民が あつまる(crowd>=3) / ぶんきの 🪧(size84・どこも おなじ)","B","場所としては いみが ある が、目じるしは ない","L0","",""
"countryside","pasture","ぼくじょう","grove","","","","","3","3","そうげん","専用の もの(struct/絵文字 175-230) / 住民が あつまる(crowd>=3) / ぶんきの 🪧(size84・どこも おなじ)","B","場所としては いみが ある が、目じるしは ない","L0","",""
"countryside","barn","なや","shelter","","","","","2","3","そうげん","専用の もの(struct/絵文字 175-230) / 住民が あつまる(crowd>=3)","A","この spot 専用の ものが 立って いる","L2","",""
"countryside","cow","うしのみずば","water","","","","","2","2","そうげん","専用の もの(struct/絵文字 175-230) / あおい みずたまり(半径いっぱい)","A","みずたまりが 半径いっぱいに えがかれる","L2","",""
"countryside","fence","ながいさく","path","","","","","3","0","そうげん","ぶんきの 🪧(size84・どこも おなじ)","C","zone の なかの 通過点。🪧 いがい 何も ない","L0","",""
"countryside","riverbank","かわぞい","water","","","","mouth","3","2","かわぞいのみち","専用の もの(struct/絵文字 175-230) / あおい みずたまり(半径いっぱい)","A","みずたまりが 半径いっぱいに えがかれる","L2","",""
"countryside","stepstone","とびいし","path","","","","","3","0","かわぞいのみち","専用の もの(struct/絵文字 175-230) / ぶんきの 🪧(size84・どこも おなじ)","A","この spot 専用の ものが 立って いる","L2","",""
"countryside","watermill","みずぐるま","edge","windmill","","","","4","2","かわぞいのみち","専用の おおきな めじるし(size560) / カメラが 引く(430→560/600)","A","landmark。画面を 占める 大きさ(560)で ぜったいに わかる","L3","",""
"countryside","fishspot","かわのつりば","water","","","","","2","1","かわぞいのみち","専用の もの(struct/絵文字 175-230) / あおい みずたまり(半径いっぱい)","A","みずたまりが 半径いっぱいに えがかれる","L2","",""
"countryside","terrace","たなだ","grove","","","","","4","2","たなだ","専用の もの(struct/絵文字 175-230) / ぶんきの 🪧(size84・どこも おなじ)","A","この spot 専用の ものが 立って いる","L2","",""
"countryside","terrace2","たなだのうえ","path","","","","","2","1","たなだ","みちいろの じめん(alpha .28)だけ","C","zone の なかの 通過点。🪧 いがい 何も ない","L0","",""
"countryside","terracelook","たなだのてんぼう","edge","","","","gate","2","1","たなだ","カメラが 引く(430→560/600)","F","なまえは とくちょうを やくそくする のに 画面に それが ない","L0","みはらし: てすり/岩/道しるべ など 1つ 置けば L2 に 上げられる","cam=wide"
"countryside","hamletwell","きょうどうのいど","rest","","","","","3","2","となりのしゅうらく","専用の もの(struct/絵文字 175-230)","A","この spot 専用の ものが 立って いる","L2","",""
"countryside","hamlet","となりのしゅうらく","plaza","","","","","3","6","となりのしゅうらく","専用の もの(struct/絵文字 175-230) / 住民が あつまる(crowd>=3) / ぶんきの 🪧(size84・どこも おなじ)","A","この spot 専用の ものが 立って いる","L2","",""
"countryside","hamlethouse","かやぶきのいえ","rest","","","","","2","5","となりのしゅうらく","専用の もの(struct/絵文字 175-230) / 住民が あつまる(crowd>=3)","A","この spot 専用の ものが 立って いる","L2","",""
"countryside","hamletlane","しゅうらくのこみち","path","","","","","2","0","となりのしゅうらく","みちいろの じめん(alpha .28)だけ","C","zone の なかの 通過点。🪧 いがい 何も ない","L0","",""
"countryside","lane1","ながいあぜみち","path","","","","","3","1","むら","専用の もの(struct/絵文字 175-230) / ぶんきの 🪧(size84・どこも おなじ)","B","場所としては いみが ある が、目じるしは ない","L0","",""
"countryside","lane2","みちのぶんき","path","","","","","3","1","むら","専用の もの(struct/絵文字 175-230) / ぶんきの 🪧(size84・どこも おなじ)","A","この spot 専用の ものが 立って いる","L2","",""
"countryside","hillpath","おかのみち","path","","","","","4","1","おか","ぶんきの 🪧(size84・どこも おなじ)","C","zone の なかの 通過点。🪧 いがい 何も ない","L0","",""
"countryside","hill","ひなたのおか","plaza","","","","","4","7","おか","専用の もの(struct/絵文字 175-230) / 住民が あつまる(crowd>=3) / ぶんきの 🪧(size84・どこも おなじ)","A","この spot 専用の ものが 立って いる","L2","",""
"countryside","well","いど","rest","","","","","3","4","おか","専用の もの(struct/絵文字 175-230) / 住民が あつまる(crowd>=3)","A","この spot 専用の ものが 立って いる","L2","",""
"countryside","shrine","ちいさなほこら","rest","","","","","3","4","おか","専用の もの(struct/絵文字 175-230) / 住民が あつまる(crowd>=3)","A","この spot 専用の ものが 立って いる","L2","",""
"countryside","woods","ちんじゅのもり","grove","","","","gate","3","2","ちんじゅのもり","専用の もの(struct/絵文字 175-230) / ぶんきの 🪧(size84・どこも おなじ)","A","この spot 専用の ものが 立って いる","L2","",""
"countryside","torii","ふるいとりい","path","","","","mouth","4","1","ちんじゅのもり","専用の もの(struct/絵文字 175-230) / ぶんきの 🪧(size84・どこも おなじ)","A","この spot 専用の ものが 立って いる","L2","",""
"countryside","woodsrest","もりのベンチ","rest","","","","","3","1","ちんじゅのもり","専用の もの(struct/絵文字 175-230)","A","この spot 専用の ものが 立って いる","L2","",""
"countryside","mountpath","もりのやまみち","path","","","","","2","0","ちんじゅのもり","みちいろの じめん(alpha .28)だけ","C","zone の なかの 通過点。🪧 いがい 何も ない","L0","",""
"countryside","skyland","そらのりば","plaza","","","","gate","1","1","ちんじゅのもり","専用の もの(struct/絵文字 175-230)","B","場所としては いみが ある が、目じるしは ない","L0","",""
"countryside","hut","はたけのこや","shelter","","","","","3","1","むらのはずれ","専用の もの(struct/絵文字 175-230)","A","この spot 専用の ものが 立って いる","L2","",""
"countryside","windmill","ふうしゃ","edge","windmill","","","","3","2","むらのはずれ","専用の おおきな めじるし(size560) / カメラが 引く(430→560/600)","A","landmark。画面を 占める 大きさ(560)で ぜったいに わかる","L3","",""
"countryside","oldtree","おおきなき","edge","bigtree","","","","2","2","むらのはずれ","専用の おおきな めじるし(size560) / カメラが 引く(430→560/600)","A","landmark。画面を 占める 大きさ(560)で ぜったいに わかる","L3","","cam=wide"
"countryside","farfield","はずれのはたけ","grove","","","","","3","1","むらのはずれ","専用の もの(struct/絵文字 175-230) / ぶんきの 🪧(size84・どこも おなじ)","A","この spot 専用の ものが 立って いる","L2","",""
"countryside","pond","かくれたためいけ","water","","yes","","","1","1","むらのはずれ","あおい みずたまり(半径いっぱい) / まわりを しゃへいぶつ 4つで かこむ","A","しゃへいぶつの わ を ぬけた さきに ある。体験として 成立","L3","",""
"countryside","mossrock","こけのいわ","rest","","yes","","","1","1","ちんじゅのもり","専用の もの(struct/絵文字 175-230) / まわりを しゃへいぶつ 4つで かこむ","A","しゃへいぶつの わ を ぬけた さきに ある。体験として 成立","L3","",""
"countryside","orchardhut","かじゅえんのこや","rest","","yes","","","1","1","かじゅえん","専用の もの(struct/絵文字 175-230) / まわりを しゃへいぶつ 4つで かこむ","A","しゃへいぶつの わ を ぬけた さきに ある。体験として 成立","L3","",""
"countryside","riverislet","かわのなかす","water","","yes","","","1","1","かわぞいのみち","あおい みずたまり(半径いっぱい) / まわりを しゃへいぶつ 4つで かこむ","A","しゃへいぶつの わ を ぬけた さきに ある。体験として 成立","L3","",""
"forest","entry","もりのいりぐち","plaza","","","","gate","1","4","あかるいもり","住民が あつまる(crowd>=3)","B","場所としては いみが ある が、目じるしは ない","L0","",""
"forest","bright1","あかるいこみち","path","","","yes","","4","7","あかるいもり","住民が あつまる(crowd>=3) / ぶんきの 🪧(size84・どこも おなじ)","B","場所としては いみが ある が、目じるしは ない","L0","",""
"forest","bright2","ひだまり","plaza","","","","","3","9","あかるいもり","専用の もの(struct/絵文字 175-230) / 住民が あつまる(crowd>=3) / ぶんきの 🪧(size84・どこも おなじ)","A","この spot 専用の ものが 立って いる","L2","",""
"forest","bright3","きのねっこ","grove","","","","","2","5","あかるいもり","住民が あつまる(crowd>=3)","B","場所としては いみが ある が、目じるしは ない","L0","",""
"forest","sunspot","こもれびのひろば","plaza","","","","","2","8","あかるいもり","専用の もの(struct/絵文字 175-230) / 住民が あつまる(crowd>=3)","A","この spot 専用の ものが 立って いる","L2","",""
"forest","creek1","おがわ","water","","","","","4","4","おがわのあたり","専用の もの(struct/絵文字 175-230) / あおい みずたまり(半径いっぱい) / 住民が あつまる(crowd>=3)","A","みずたまりが 半径いっぱいに えがかれる","L2","",""
"forest","shallow","せせらぎ","water","","","","","2","1","おがわのあたり","あおい みずたまり(半径いっぱい)","A","みずたまりが 半径いっぱいに えがかれる","L2","",""
"forest","bridge1","まるたのはし","path","","","","","4","0","おがわのあたり","専用の もの(struct/絵文字 175-230) / ぶんきの 🪧(size84・どこも おなじ)","A","この spot 専用の ものが 立って いる","L2","",""
"forest","creek2","おがわのふち","water","","","","","3","2","おがわのあたり","あおい みずたまり(半径いっぱい)","A","みずたまりが 半径いっぱいに えがかれる","L2","",""
"forest","creekdeep","おがわのおく","water","","","","","2","0","おがわのあたり","あおい みずたまり(半径いっぱい)","A","みずたまりが 半径いっぱいに えがかれる","L2","",""
"forest","bridge2","いしのはし","path","","","","","3","0","おがわのあたり","専用の もの(struct/絵文字 175-230) / ぶんきの 🪧(size84・どこも おなじ)","A","この spot 専用の ものが 立って いる","L2","",""
"forest","hiddenpond","かくれたいけ","water","","yes","","","1","1","おがわのあたり","あおい みずたまり(半径いっぱい) / まわりを しゃへいぶつ 4つで かこむ","A","しゃへいぶつの わ を ぬけた さきに ある。体験として 成立","L3","",""
"forest","thicket1","にたようなこだち","path","","","","","3","0","にたようなこだち","ぶんきの 🪧(size84・どこも おなじ)","F","なまえは とくちょうを やくそくする のに 画面に それが ない","L0","なまえが「見わけが つかない」ことを 言って いる。scenery を 足す より L0 が 自然",""
"forest","thicket2","にたようなこだち","path","","","","","4","0","にたようなこだち","ぶんきの 🪧(size84・どこも おなじ)","F","なまえは とくちょうを やくそくする のに 画面に それが ない","L0","なまえが「見わけが つかない」ことを 言って いる。scenery を 足す より L0 が 自然",""
"forest","thicket3","まよいのわかれみち","path","","","","","5","0","にたようなこだち","ぶんきの 🪧(size84・どこも おなじ)","C","zone の なかの 通過点。🪧 いがい 何も ない","L0","",""
"forest","thicket4","にたようなこだち","path","","","","","3","0","にたようなこだち","ぶんきの 🪧(size84・どこも おなじ)","F","なまえは とくちょうを やくそくする のに 画面に それが ない","L0","なまえが「見わけが つかない」ことを 言って いる。scenery を 足す より L0 が 自然",""
"forest","fork","みつまた","plaza","","","","","3","7","にたようなこだち","専用の もの(struct/絵文字 175-230) / 住民が あつまる(crowd>=3) / ぶんきの 🪧(size84・どこも おなじ)","B","場所としては いみが ある が、目じるしは ない","L0","",""
"forest","hollow","きのうろ","shelter","","","","","2","4","にたようなこだち","専用の もの(struct/絵文字 175-230) / 住民が あつまる(crowd>=3)","A","この spot 専用の ものが 立って いる","L2","",""
"forest","rest","きゅうけいばしょ","rest","","","","","3","7","にたようなこだち","専用の もの(struct/絵文字 175-230) / 住民が あつまる(crowd>=3)","A","この spot 専用の ものが 立って いる","L2","",""
"forest","fern1","しだのくぼち","grove","","","","","4","2","しだのくぼち","ぶんきの 🪧(size84・どこも おなじ)","C","zone の なかの 通過点。🪧 いがい 何も ない","L0","",""
"forest","fern2","たおれたきのはし","path","","","","","3","0","しだのくぼち","専用の もの(struct/絵文字 175-230) / ぶんきの 🪧(size84・どこも おなじ)","A","この spot 専用の ものが 立って いる","L2","",""
"forest","fern3","しだのおくみち","path","","","","","3","0","しだのくぼち","ぶんきの 🪧(size84・どこも おなじ)","C","zone の なかの 通過点。🪧 いがい 何も ない","L0","",""
"forest","fernlook","くぼちのみはらし","edge","","","","","1","1","しだのくぼち","カメラが 引く(430→560/600)","F","なまえは とくちょうを やくそくする のに 画面に それが ない","L0","みはらし: てすり/岩/道しるべ など 1つ 置けば L2 に 上げられる","cam=wide"
"forest","mushpath","キノコへのみち","path","","","","","2","0","キノコのもり","みちいろの じめん(alpha .28)だけ","C","zone の なかの 通過点。🪧 いがい 何も ない","L0","",""
"forest","mush1","ひかるキノコ","grove","glowmushroom","","","","3","4","キノコのもり","専用の おおきな めじるし(size560) / 住民が あつまる(crowd>=3)","A","landmark。画面を 占める 大きさ(560)で ぜったいに わかる","L3","",""
"forest","mush2","キノコのこみち","grove","","","","","2","2","キノコのもり","専用の もの(struct/絵文字 175-230)","A","この spot 専用の ものが 立って いる","L2","",""
"forest","mush3","キノコのわ","grove","","","","","3","2","キノコのもり","専用の もの(struct/絵文字 175-230) / ぶんきの 🪧(size84・どこも おなじ)","A","この spot 専用の ものが 立って いる","L2","",""
"forest","deep1","ふかいもり","grove","","","","","4","1","ふかいもり","ぶんきの 🪧(size84・どこも おなじ)","C","zone の なかの 通過点。🪧 いがい 何も ない","L0","",""
"forest","deep2","こけのいわ","rest","","","","","4","1","ふかいもり","専用の もの(struct/絵文字 175-230)","A","この spot 専用の ものが 立って いる","L2","",""
"forest","deep3","くらいこみち","path","","","","","4","0","ふかいもり","ぶんきの 🪧(size84・どこも おなじ)","C","zone の なかの 通過点。🪧 いがい 何も ない","L0","",""
"forest","oldsign","ふるいひょうしき","path","","","","","4","0","ふかいもり","専用の もの(struct/絵文字 175-230) / ぶんきの 🪧(size84・どこも おなじ)","B","場所としては いみが ある が、目じるしは ない","L0","",""
"forest","nook","こけむしたくぼみ","rest","","yes","","","2","1","ふかいもり","まわりを しゃへいぶつ 4つで かこむ","A","しゃへいぶつの わ を ぬけた さきに ある。体験として 成立","L3","",""
"forest","stone1","いしづみのもり","grove","","","","","3","2","いしのもり","ぶんきの 🪧(size84・どこも おなじ)","C","zone の なかの 通過点。🪧 いがい 何も ない","L0","",""
"forest","stone2","おおきないわ","rest","","","","","4","1","いしのもり","専用の もの(struct/絵文字 175-230)","A","この spot 専用の ものが 立って いる","L2","",""
"forest","stone3","いわのあいだ","path","","","","","3","0","いしのもり","ぶんきの 🪧(size84・どこも おなじ)","F","なまえは とくちょうを やくそくする のに 画面に それが ない","L0","なまえが「見わけが つかない」ことを 言って いる。scenery を 足す より L0 が 自然",""
"forest","stonelook","いわばのみはらし","edge","","","","gate","2","1","いしのもり","カメラが 引く(430→560/600)","F","なまえは とくちょうを やくそくする のに 画面に それが ない","L0","みはらし: てすり/岩/道しるべ など 1つ 置けば L2 に 上げられる","cam=wide"
"forest","stoneedge","いわばのはずれ","path","","","","","2","0","いしのもり","みちいろの じめん(alpha .28)だけ","F","なまえは とくちょうを やくそくする のに 画面に それが ない","L0","なまえが「見わけが つかない」ことを 言って いる。scenery を 足す より L0 が 自然",""
"forest","greatroot","ねもとのトンネル","path","","","","","3","0","おおきなきのまわり","ぶんきの 🪧(size84・どこも おなじ)","C","zone の なかの 通過点。🪧 いがい 何も ない","L0","","cam=narrow"
"forest","great","おおきなき","edge","bigtree","","","","3","6","おおきなきのまわり","専用の おおきな めじるし(size560) / カメラが 引く(430→560/600) / 住民が あつまる(crowd>=3)","A","landmark。画面を 占める 大きさ(560)で ぜったいに わかる","L3","","cam=wide"
"forest","greatglade","きのしたのひろば","plaza","","","","","3","7","おおきなきのまわり","住民が あつまる(crowd>=3) / ぶんきの 🪧(size84・どこも おなじ)","B","場所としては いみが ある が、目じるしは ない","L0","",""
"forest","fallspath","たきへのみち","path","","","","","3","0","たきのたに","ぶんきの 🪧(size84・どこも おなじ)","F","なまえは とくちょうを やくそくする のに 画面に それが ない","L0","たき: 水の 目じるしを 置くか、なまえを「たきへの みち」寄りに",""
"forest","falls","たき","water","waterfall","","","","3","2","たきのたに","専用の おおきな めじるし(size560) / あおい みずたまり(半径いっぱい)","A","landmark。画面を 占める 大きさ(560)で ぜったいに わかる","L3","",""
"forest","fallspool","たきつぼ","water","","","","","3","1","たきのたに","あおい みずたまり(半径いっぱい)","A","みずたまりが 半径いっぱいに えがかれる","L2","",""
"forest","fallslook","たきのみはらし","edge","","","","","2","1","たきのたに","カメラが 引く(430→560/600)","F","なまえは とくちょうを やくそくする のに 画面に それが ない","L0","みはらし: てすり/岩/道しるべ など 1つ 置けば L2 に 上げられる","cam=wide"
"forest","anc1","ふるいもり","grove","","","","","3","0","ふるいもり","ぶんきの 🪧(size84・どこも おなじ)","C","zone の なかの 通過点。🪧 いがい 何も ない","L0","",""
"forest","anc2","こけのかいだん","path","","","","gate","3","0","ふるいもり","専用の もの(struct/絵文字 175-230) / ぶんきの 🪧(size84・どこも おなじ)","A","この spot 専用の ものが 立って いる","L2","",""
"forest","anc3","ねじれたたいぼく","grove","","","","","4","1","ふるいもり","専用の もの(struct/絵文字 175-230) / ぶんきの 🪧(size84・どこも おなじ)","A","この spot 専用の ものが 立って いる","L2","",""
"forest","anc4","しずかなくぼち","rest","","","","","3","0","ふるいもり","みちいろの じめん(alpha .28)だけ","D","画面は その へんの 地面と おなじ。何も ない","L0","",""
"forest","heart","もりのしんぞう","edge","","","","","2","1","もりのおくのおく","カメラが 引く(430→560/600)","B","場所としては いみが ある が、目じるしは ない","L0","","cam=wide"
"forest","hearthidden","ひかりのすきま","grove","","yes","","","2","1","もりのおくのおく","まわりを しゃへいぶつ 4つで かこむ","A","しゃへいぶつの わ を ぬけた さきに ある。体験として 成立","L3","",""
"mountain","foot","ふもと","plaza","","","","gate","1","1","ふもと","ひろばの じめん(alpha .5)だけ","D","画面は その へんの 地面と おなじ。何も ない","L0","",""
"mountain","trailhead","とざんぐち","plaza","","","yes","","3","7","ふもと","専用の もの(struct/絵文字 175-230) / 住民が あつまる(crowd>=3) / ぶんきの 🪧(size84・どこも おなじ)","B","場所としては いみが ある が、目じるしは ない","L0","",""
"mountain","torii","とざんどうのとりい","path","","","","","3","1","ふもと","専用の もの(struct/絵文字 175-230) / ぶんきの 🪧(size84・どこも おなじ)","A","この spot 専用の ものが 立って いる","L2","",""
"mountain","mtvillage","やまのしゅうらく","plaza","","","","","3","6","やまのしゅうらく","専用の もの(struct/絵文字 175-230) / 住民が あつまる(crowd>=3) / ぶんきの 🪧(size84・どこも おなじ)","A","この spot 専用の ものが 立って いる","L2","",""
"mountain","teahouse","ちゃや","shelter","","","","","2","3","やまのしゅうらく","専用の もの(struct/絵文字 175-230) / 住民が あつまる(crowd>=3)","A","この spot 専用の ものが 立って いる","L2","",""
"mountain","spring","おんせん","water","","","","","5","6","やまのしゅうらく","専用の もの(struct/絵文字 175-230) / あおい みずたまり(半径いっぱい) / 住民が あつまる(crowd>=3)","A","みずたまりが 半径いっぱいに えがかれる","L2","",""
"mountain","steps","いしだん","path","","","","","3","0","やまみち","ぶんきの 🪧(size84・どこも おなじ)","C","zone の なかの 通過点。🪧 いがい 何も ない","L0","",""
"mountain","sw1","おりかえし","path","","","","","3","1","やまみち","ぶんきの 🪧(size84・どこも おなじ)","C","zone の なかの 通過点。🪧 いがい 何も ない","L0","",""
"mountain","lookout1","いちのてんぼう","edge","","","","gate","2","1","やまみち","カメラが 引く(430→560/600)","F","なまえは とくちょうを やくそくする のに 画面に それが ない","L0","みはらし: てすり/岩/道しるべ など 1つ 置けば L2 に 上げられる","cam=wide"
"mountain","sw2","おりかえし","path","","","","","4","1","やまみち","ぶんきの 🪧(size84・どこも おなじ)","C","zone の なかの 通過点。🪧 いがい 何も ない","L0","",""
"mountain","boulder","みちのおおいわ","rest","","","","","3","1","やまみち","専用の もの(struct/絵文字 175-230)","A","この spot 専用の ものが 立って いる","L2","",""
"mountain","gorge","たにあい","path","","","","","3","1","たにあい","専用の もの(struct/絵文字 175-230) / ぶんきの 🪧(size84・どこも おなじ)","A","この spot 専用の ものが 立って いる","L2","",""
"mountain","ropebridge","つりばし","path","","","","","2","0","たにあい","専用の もの(struct/絵文字 175-230)","A","この spot 専用の ものが 立って いる","L2","",""
"mountain","gorgefall","たにのこたき","water","","","","","2","2","たにあい","あおい みずたまり(半径いっぱい)","A","みずたまりが 半径いっぱいに えがかれる","L2","",""
"mountain","camp","キャンプ","shelter","","","","","4","7","キャンプのあたり","専用の もの(struct/絵文字 175-230) / 住民が あつまる(crowd>=3)","A","この spot 専用の ものが 立って いる","L2","",""
"mountain","woodpile","まきのおきば","rest","","","","","3","2","キャンプのあたり","専用の もの(struct/絵文字 175-230)","A","この spot 専用の ものが 立って いる","L2","",""
"mountain","cliff","がけのうえ","edge","","","","","5","2","キャンプのあたり","専用の もの(struct/絵文字 175-230) / カメラが 引く(430→560/600)","A","この spot 専用の ものが 立って いる","L2","",""
"mountain","cave","かくれたどうくつ","shelter","","yes","","","1","1","キャンプのあたり","専用の もの(struct/絵文字 175-230) / まわりを しゃへいぶつ 4つで かこむ","A","しゃへいぶつの わ を ぬけた さきに ある。体験として 成立","L3","",""
"mountain","fallspath","たきへのみち","path","","","","","3","0","たきみち","ぶんきの 🪧(size84・どこも おなじ)","F","なまえは とくちょうを やくそくする のに 画面に それが ない","L0","たき: 水の 目じるしを 置くか、なまえを「たきへの みち」寄りに",""
"mountain","bigfalls","おおたき","water","waterfall","","","","3","2","たきみち","専用の おおきな めじるし(size560) / あおい みずたまり(半径いっぱい)","A","landmark。画面を 占める 大きさ(560)で ぜったいに わかる","L3","",""
"mountain","fallsrest","たきのベンチ","rest","","","","","2","1","たきみち","専用の もの(struct/絵文字 175-230)","A","この spot 専用の ものが 立って いる","L2","",""
"mountain","fallscave","たきうらのくぼ","rest","","yes","","","1","1","たきみち","まわりを しゃへいぶつ 4つで かこむ","A","しゃへいぶつの わ を ぬけた さきに ある。体験として 成立","L3","",""
"mountain","sw3","おりかえし","path","","","","","4","1","おねのうえ","ぶんきの 🪧(size84・どこも おなじ)","C","zone の なかの 通過点。🪧 いがい 何も ない","L0","",""
"mountain","ridgepath","おねのほそみち","path","","","","","3","0","おねのうえ","ぶんきの 🪧(size84・どこも おなじ)","F","なまえは とくちょうを やくそくする のに 画面に それが ない","L0","とくちょう物を 1つ 足すか、なまえを 弱める",""
"mountain","ridge","おね","plaza","","","","","4","3","おねのうえ","専用の もの(struct/絵文字 175-230) / 住民が あつまる(crowd>=3) / ぶんきの 🪧(size84・どこも おなじ)","A","この spot 専用の ものが 立って いる","L2","",""
"mountain","hut","やまごや","rest","","","","","2","3","おねのうえ","専用の もの(struct/絵文字 175-230) / 住民が あつまる(crowd>=3)","A","この spot 専用の ものが 立って いる","L2","",""
"mountain","windnotch","かぜのきれめ","edge","","","","mouth","3","1","おねのうえ","カメラが 引く(430→560/600)","B","場所としては いみが ある が、目じるしは ない","L0","","cam=wide"
"mountain","lake","やまのみずうみ","water","","","","","3","2","やまのみずうみ","あおい みずたまり(半径いっぱい)","A","みずたまりが 半径いっぱいに えがかれる","L2","",""
"mountain","lakeshore","みずうみのいわば","path","","","","","3","1","やまのみずうみ","専用の もの(struct/絵文字 175-230) / ぶんきの 🪧(size84・どこも おなじ)","A","この spot 専用の ものが 立って いる","L2","",""
"mountain","shrine","いしのほこら","rest","","yes","","","1","1","やまのみずうみ","まわりを しゃへいぶつ 4つで かこむ","A","しゃへいぶつの わ を ぬけた さきに ある。体験として 成立","L3","",""
"mountain","scree","ざれば","path","","","","","3","0","がんかいのみち","ぶんきの 🪧(size84・どこも おなじ)","C","zone の なかの 通過点。🪧 いがい 何も ない","L0","",""
"mountain","rocks","がんかいのみち","path","","","","","5","1","がんかいのみち","専用の もの(struct/絵文字 175-230) / ぶんきの 🪧(size84・どこも おなじ)","A","この spot 専用の ものが 立って いる","L2","",""
"mountain","cairnfield","ケルンのおか","plaza","","","","","4","2","がんかいのみち","専用の もの(struct/絵文字 175-230) / ぶんきの 🪧(size84・どこも おなじ)","A","この spot 専用の ものが 立って いる","L2","",""
"mountain","snowpatch","のこりゆき","path","","","","","3","0","がんかいのみち","ぶんきの 🪧(size84・どこも おなじ)","F","なまえは とくちょうを やくそくする のに 画面に それが ない","L0","とくちょう物を 1つ 足すか、なまえを 弱める",""
"mountain","rockcave","いわのすきま","rest","","yes","","","1","1","がんかいのみち","専用の もの(struct/絵文字 175-230) / まわりを しゃへいぶつ 4つで かこむ","A","しゃへいぶつの わ を ぬけた さきに ある。体験として 成立","L3","",""
"mountain","lastridge","さいごのおね","path","","","","","5","1","ちょうじょう","専用の もの(struct/絵文字 175-230) / ぶんきの 🪧(size84・どこも おなじ)","B","場所としては いみが ある が、目じるしは ない","L0","",""
"mountain","eastpeak","ひがしのみね","edge","","","","","2","1","ちょうじょう","カメラが 引く(430→560/600)","F","なまえは とくちょうを やくそくする のに 画面に それが ない","L0","みはらし: てすり/岩/道しるべ など 1つ 置けば L2 に 上げられる","cam=wide"
"mountain","summitshrine","ちょうじょうのほこら","rest","","","","","2","1","ちょうじょう","専用の もの(struct/絵文字 175-230)","A","この spot 専用の ものが 立って いる","L2","",""
"mountain","summit","ちょうじょう","edge","peak","","","gate","3","3","ちょうじょう","専用の おおきな めじるし(size560) / カメラが 引く(430→560/600) / 住民が あつまる(crowd>=3)","A","landmark。画面を 占める 大きさ(560)で ぜったいに わかる","L3","","cam=wide"
"snow","gate","ゆきのいりぐち","plaza","","","","","1","1","ゆきのいりぐち","ひろばの じめん(alpha .5)だけ","D","画面は その へんの 地面と おなじ。何も ない","L0","",""
"snow","field","ゆきはら","plaza","","","yes","","5","9","ゆきはら","専用の もの(struct/絵文字 175-230) / 住民が あつまる(crowd>=3) / ぶんきの 🪧(size84・どこも おなじ)","A","この spot 専用の ものが 立って いる","L2","",""
"snow","snowman","ゆきだるまのおか","plaza","","","","","3","5","ゆきはら","専用の もの(struct/絵文字 175-230) / 住民が あつまる(crowd>=3) / ぶんきの 🪧(size84・どこも おなじ)","A","この spot 専用の ものが 立って いる","L2","",""
"snow","sled","そりのさか","path","","","","","3","1","ゆきはら","専用の もの(struct/絵文字 175-230) / ぶんきの 🪧(size84・どこも おなじ)","A","この spot 専用の ものが 立って いる","L2","",""
"snow","tracks","あしあとのみち","path","","","","","2","1","ゆきはら","みちいろの じめん(alpha .28)だけ","C","zone の なかの 通過点。🪧 いがい 何も ない","L0","",""
"snow","snowfield2","ひろいゆきはら","plaza","","","","","3","2","ゆきはら","ぶんきの 🪧(size84・どこも おなじ)","D","画面は その へんの 地面と おなじ。何も ない","L0","",""
"snow","lodge","ロッジ","rest","lodge","","","","3","7","ロッジのあたり","専用の おおきな めじるし(size560) / 住民が あつまる(crowd>=3)","A","landmark。画面を 占める 大きさ(560)で ぜったいに わかる","L3","",""
"snow","lodgeback","ロッジのうら","path","","","","","3","1","ロッジのあたり","専用の もの(struct/絵文字 175-230) / ぶんきの 🪧(size84・どこも おなじ)","A","この spot 専用の ものが 立って いる","L2","",""
"snow","snowfence","ゆきがきのみち","path","","","","","4","0","ロッジのあたり","ぶんきの 🪧(size84・どこも おなじ)","C","zone の なかの 通過点。🪧 いがい 何も ない","L0","",""
"snow","woodshed","まきごやのうら","rest","","yes","","","1","1","ロッジのあたり","専用の もの(struct/絵文字 175-230) / まわりを しゃへいぶつ 4つで かこむ","A","しゃへいぶつの わ を ぬけた さきに ある。体験として 成立","L3","",""
"snow","pines","まつばやし","grove","","","","","4","3","まつばやし","専用の もの(struct/絵文字 175-230) / 住民が あつまる(crowd>=3) / ぶんきの 🪧(size84・どこも おなじ)","A","この spot 専用の ものが 立って いる","L2","",""
"snow","birch","しらかばのみち","path","","","","","2","0","まつばやし","みちいろの じめん(alpha .28)だけ","C","zone の なかの 通過点。🪧 いがい 何も ない","L0","",""
"snow","deertrack","しかのあしあと","path","","","","","3","0","まつばやし","ぶんきの 🪧(size84・どこも おなじ)","C","zone の なかの 通過点。🪧 いがい 何も ない","L0","",""
"snow","woods2","まつばやしのおく","grove","","","","","5","2","まつばやし","専用の もの(struct/絵文字 175-230) / ぶんきの 🪧(size84・どこも おなじ)","A","この spot 専用の ものが 立って いる","L2","",""
"snow","cave","ゆきのどうくつ","shelter","","yes","","","1","1","まつばやし","専用の もの(struct/絵文字 175-230) / まわりを しゃへいぶつ 4つで かこむ","A","しゃへいぶつの わ を ぬけた さきに ある。体験として 成立","L3","",""
"snow","icelake","こおりのみずうみ","water","","","","","4","3","こおりのみずうみ","専用の もの(struct/絵文字 175-230) / あおい みずたまり(半径いっぱい) / 住民が あつまる(crowd>=3)","A","みずたまりが 半径いっぱいに えがかれる","L2","",""
"snow","icecrack","こおりのわれめ","path","","","","","2","0","こおりのみずうみ","みちいろの じめん(alpha .28)だけ","C","zone の なかの 通過点。🪧 いがい 何も ない","L0","",""
"snow","igloo","かまくら","shelter","","","","","2","2","こおりのみずうみ","専用の もの(struct/絵文字 175-230)","A","この spot 専用の ものが 立って いる","L2","",""
"snow","fishing","こおりのつりば","water","","","","","3","2","こおりのみずうみ","専用の もの(struct/絵文字 175-230) / あおい みずたまり(半径いっぱい)","A","みずたまりが 半径いっぱいに えがかれる","L2","",""
"snow","lakehut","こおりのつりごや","shelter","","","","","2","1","こおりのみずうみ","みちいろの じめん(alpha .28)だけ","D","画面は その へんの 地面と おなじ。何も ない","L0","",""
"snow","hotspring","ゆきのおんせん","water","","","","","3","4","ゆきのおんせん","専用の もの(struct/絵文字 175-230) / あおい みずたまり(半径いっぱい) / 住民が あつまる(crowd>=3)","A","みずたまりが 半径いっぱいに えがかれる","L2","",""
"snow","hsrest","ゆげのベンチ","rest","","","","","3","2","ゆきのおんせん","専用の もの(struct/絵文字 175-230)","A","この spot 専用の ものが 立って いる","L2","",""
"snow","steam","ゆげのみち","path","","","","","3","1","ゆきのおんせん","ぶんきの 🪧(size84・どこも おなじ)","C","zone の なかの 通過点。🪧 いがい 何も ない","L0","",""
"snow","slopefoot","げれんでのふもと","path","","","","","3","1","げれんで","専用の もの(struct/絵文字 175-230) / ぶんきの 🪧(size84・どこも おなじ)","A","この spot 専用の ものが 立って いる","L2","",""
"snow","slope","げれんで","path","","","","","3","2","げれんで","専用の もの(struct/絵文字 175-230) / ぶんきの 🪧(size84・どこも おなじ)","A","この spot 専用の ものが 立って いる","L2","",""
"snow","lift","リフトのりば","rest","","","","","2","2","げれんで","専用の もの(struct/絵文字 175-230)","A","この spot 専用の ものが 立って いる","L2","",""
"snow","slopetop","げれんでのうえ","edge","","","","","2","1","げれんで","カメラが 引く(430→560/600)","B","場所としては いみが ある が、目じるしは ない","L0","","cam=wide"
"snow","marker1","ゆきのポール","path","","","","","3","0","ふぶきのはら","専用の もの(struct/絵文字 175-230) / ぶんきの 🪧(size84・どこも おなじ)","B","場所としては いみが ある が、目じるしは ない","L0","",""
"snow","blizzard","ふぶきのはら","plaza","","","","","4","1","ふぶきのはら","ぶんきの 🪧(size84・どこも おなじ)","D","画面は その へんの 地面と おなじ。何も ない","L0","",""
"snow","marker2","ゆきのポール","path","","","","","4","0","ふぶきのはら","専用の もの(struct/絵文字 175-230) / ぶんきの 🪧(size84・どこも おなじ)","B","場所としては いみが ある が、目じるしは ない","L0","",""
"snow","lost","ゆきにうまったこや","rest","","yes","","","1","1","ふぶきのはら","まわりを しゃへいぶつ 4つで かこむ","A","しゃへいぶつの わ を ぬけた さきに ある。体験として 成立","L3","",""
"snow","peakfoot","ゆきやまのふもと","path","","","","","4","1","ゆきやまのふもと","ぶんきの 🪧(size84・どこも おなじ)","C","zone の なかの 通過点。🪧 いがい 何も ない","L0","",""
"snow","icecave","こおりのどうくつ","rest","","yes","","","1","1","ゆきやまのふもと","専用の もの(struct/絵文字 175-230) / まわりを しゃへいぶつ 4つで かこむ","A","しゃへいぶつの わ を ぬけた さきに ある。体験として 成立","L3","",""
"snow","eastslope","ひがしのゆきしゃめん","path","","","","","2","0","ゆきやまのふもと","みちいろの じめん(alpha .28)だけ","C","zone の なかの 通過点。🪧 いがい 何も ない","L0","",""
"snow","peak","ゆきやま","edge","peak","","","gate","2","2","ゆきやまのふもと","専用の おおきな めじるし(size560) / カメラが 引く(430→560/600)","A","landmark。画面を 占める 大きさ(560)で ぜったいに わかる","L3","","cam=wide"
"sea","beach","すなはま","plaza","","","","","1","2","すなはま","ひろばの じめん(alpha .5)だけ","D","画面は その へんの 地面と おなじ。何も ない","L0","",""
"sea","shore","なみうちぎわ","plaza","","","yes","","4","9","すなはま","住民が あつまる(crowd>=3) / ぶんきの 🪧(size84・どこも おなじ)","B","場所としては いみが ある が、目じるしは ない","L0","",""
"sea","parasols","パラソルのならび","plaza","","","","","2","5","すなはま","専用の もの(struct/絵文字 175-230) / 住民が あつまる(crowd>=3)","A","この spot 専用の ものが 立って いる","L2","",""
"sea","tidepool","しおだまり","water","","","","","3","6","しおだまりのあたり","専用の もの(struct/絵文字 175-230) / あおい みずたまり(半径いっぱい) / 住民が あつまる(crowd>=3)","A","みずたまりが 半径いっぱいに えがかれる","L2","",""
"sea","shells","かいがらのはま","plaza","","","","","3","2","しおだまりのあたり","専用の もの(struct/絵文字 175-230) / ぶんきの 🪧(size84・どこも おなじ)","A","この spot 専用の ものが 立って いる","L2","",""
"sea","cove","かくれたいりえ","water","","yes","","","1","1","しおだまりのあたり","あおい みずたまり(半径いっぱい) / まわりを しゃへいぶつ 4つで かこむ","A","しゃへいぶつの わ を ぬけた さきに ある。体験として 成立","L3","",""
"sea","pier","さんばし","path","","","","","4","2","さんばしのあたり","専用の もの(struct/絵文字 175-230) / ぶんきの 🪧(size84・どこも おなじ)","A","この spot 専用の ものが 立って いる","L2","",""
"sea","boats","ふねのふとう","rest","","","","","3","2","さんばしのあたり","専用の もの(struct/絵文字 175-230)","A","この spot 専用の ものが 立って いる","L2","",""
"sea","hut","うみのいえ","shelter","","","","","4","5","さんばしのあたり","専用の もの(struct/絵文字 175-230) / 住民が あつまる(crowd>=3)","A","この spot 専用の ものが 立って いる","L2","",""
"sea","bayhead","いりえのおく","water","","","","","4","3","いりえ","あおい みずたまり(半径いっぱい) / 住民が あつまる(crowd>=3)","A","みずたまりが 半径いっぱいに えがかれる","L2","",""
"sea","baywalk","いりえのみち","path","","","","","3","1","いりえ","専用の もの(struct/絵文字 175-230) / ぶんきの 🪧(size84・どこも おなじ)","A","この spot 専用の ものが 立って いる","L2","",""
"sea","sandbar","すなす","path","","","","","4","0","いりえ","ぶんきの 🪧(size84・どこも おなじ)","C","zone の なかの 通過点。🪧 いがい 何も ない","L0","",""
"sea","oysters","かきのいわ","water","","","","","3","2","いりえ","専用の もの(struct/絵文字 175-230) / あおい みずたまり(半径いっぱい)","A","みずたまりが 半径いっぱいに えがかれる","L2","",""
"sea","palmcove","ヤシのかくれはま","rest","","yes","","","1","1","いりえ","専用の もの(struct/絵文字 175-230) / まわりを しゃへいぶつ 4つで かこむ","A","しゃへいぶつの わ を ぬけた さきに ある。体験として 成立","L3","",""
"sea","rocks","いわば","grove","","","","","4","2","いわば","専用の もの(struct/絵文字 175-230) / ぶんきの 🪧(size84・どこも おなじ)","A","この spot 専用の ものが 立って いる","L2","",""
"sea","rockpool","いわばのしおだまり","water","","","","","3","2","いわば","あおい みずたまり(半径いっぱい)","A","みずたまりが 半径いっぱいに えがかれる","L2","",""
"sea","rockarch","いわのアーチ","edge","","","","","2","1","いわば","カメラが 引く(430→560/600)","F","なまえは とくちょうを やくそくする のに 画面に それが ない","L0","みはらし: てすり/岩/道しるべ など 1つ 置けば L2 に 上げられる","cam=wide"
"sea","nets","あみのおきば","rest","","","","","3","2","みなと","専用の もの(struct/絵文字 175-230)","A","この spot 専用の ものが 立って いる","L2","",""
"sea","port","みなと","plaza","","","","gate","4","7","みなと","専用の もの(struct/絵文字 175-230) / 住民が あつまる(crowd>=3) / ぶんきの 🪧(size84・どこも おなじ)","A","この spot 専用の ものが 立って いる","L2","",""
"sea","fishmarket","さかないちば","shop","","","","","3","6","みなと","専用の もの(struct/絵文字 175-230) / 住民が あつまる(crowd>=3)","A","この spot 専用の ものが 立って いる","L2","",""
"sea","warehouse","そうこのまえ","shelter","","","","","2","3","みなと","専用の もの(struct/絵文字 175-230) / 住民が あつまる(crowd>=3)","A","この spot 専用の ものが 立って いる","L2","",""
"sea","breakwater","ぼうはてい","path","","","","gate","3","1","みなと","ぶんきの 🪧(size84・どこも おなじ)","C","zone の なかの 通過点。🪧 いがい 何も ない","L0","",""
"sea","dunes","すなおか","path","","","","","3","1","すなおか","専用の もの(struct/絵文字 175-230) / ぶんきの 🪧(size84・どこも おなじ)","A","この spot 専用の ものが 立って いる","L2","",""
"sea","dunehollow","すなのくぼち","path","","","","","3","0","すなおか","ぶんきの 🪧(size84・どこも おなじ)","C","zone の なかの 通過点。🪧 いがい 何も ない","L0","",""
"sea","dunetop","すなおかのうえ","edge","","","","","3","1","すなおか","カメラが 引く(430→560/600)","B","場所としては いみが ある が、目じるしは ない","L0","","cam=wide"
"sea","cape","みさき","edge","","","","","4","2","みさき","カメラが 引く(430→560/600)","F","なまえは とくちょうを やくそくする のに 画面に それが ない","L0","みはらし: てすり/岩/道しるべ など 1つ 置けば L2 に 上げられる",""
"sea","capepath","みさきのみち","path","","","","","3","1","みさき","ぶんきの 🪧(size84・どこも おなじ)","F","なまえは とくちょうを やくそくする のに 画面に それが ない","L0","とくちょう物を 1つ 足すか、なまえを 弱める",""
"sea","lighthouse","とうだい","edge","lighthouse","","","","3","2","みさき","専用の おおきな めじるし(size560) / カメラが 引く(430→560/600)","A","landmark。画面を 占める 大きさ(560)で ぜったいに わかる","L3","","cam=wide"
"sea","seacave","かいしょくどうくつ","shelter","","","","gate","3","2","かいしょくどうくつ","専用の もの(struct/絵文字 175-230)","A","この spot 専用の ものが 立って いる","L2","",""
"sea","cliffcave","がけのどうくつ","rest","","yes","","","1","1","かいしょくどうくつ","まわりを しゃへいぶつ 4つで かこむ","A","しゃへいぶつの わ を ぬけた さきに ある。体験として 成立","L3","",""
"sea","echo","こだまのいわま","path","","","","","3","0","かいしょくどうくつ","ぶんきの 🪧(size84・どこも おなじ)","F","なまえは とくちょうを やくそくする のに 画面に それが ない","L0","とくちょう物を 1つ 足すか、なまえを 弱める",""
"sea","farbeach","はてのはま","plaza","","","","","3","1","はてのはま","ぶんきの 🪧(size84・どこも おなじ)","D","画面は その へんの 地面と おなじ。何も ない","L0","",""
"sea","endrock","さいはてのいわ","edge","","","","","1","1","はてのはま","カメラが 引く(430→560/600)","F","なまえは とくちょうを やくそくする のに 画面に それが ない","L0","みはらし: てすり/岩/道しるべ など 1つ 置けば L2 に 上げられる","cam=wide"
"sea","driftbeach","ながれぎのはま","rest","","","","","3","1","はてのはま","専用の もの(struct/絵文字 175-230)","A","この spot 専用の ものが 立って いる","L2","",""
"sea","wreckboat","うちあげられたふね","rest","","yes","","","1","1","はてのはま","まわりを しゃへいぶつ 4つで かこむ","A","しゃへいぶつの わ を ぬけた さきに ある。体験として 成立","L3","",""
"deepsea","reef","サンゴのいりぐち","water","","","","gate","2","5","あさせのたな","あおい みずたまり(半径いっぱい) / 住民が あつまる(crowd>=3)","A","みずたまりが 半径いっぱいに えがかれる","L2","",""
"deepsea","shelfedge","たなのふち","path","","","","","2","3","あさせのたな","住民が あつまる(crowd>=3)","B","場所としては いみが ある が、目じるしは ない","L0","",""
"deepsea","coralcity","サンゴのまち","plaza","coral","","yes","","7","9","サンゴのまち","専用の おおきな めじるし(size560) / 住民が あつまる(crowd>=3)","A","landmark。画面を 占める 大きさ(560)で ぜったいに わかる","L3","",""
"deepsea","coralgarden","サンゴのにわ","water","","","","","2","6","サンゴのまち","専用の もの(struct/絵文字 175-230) / あおい みずたまり(半径いっぱい) / 住民が あつまる(crowd>=3)","A","みずたまりが 半径いっぱいに えがかれる","L2","",""
"deepsea","coralcave","サンゴのすきま","path","","","","","2","2","サンゴのまち","みちいろの じめん(alpha .28)だけ","C","zone の なかの 通過点。🪧 いがい 何も ない","L0","",""
"deepsea","kelp1","こんぶのもり","grove","","","","","3","3","こんぶのもり","専用の もの(struct/絵文字 175-230) / 住民が あつまる(crowd>=3) / ぶんきの 🪧(size84・どこも おなじ)","A","この spot 専用の ものが 立って いる","L2","",""
"deepsea","kelp2","こんぶのおく","grove","","","","","3","2","こんぶのもり","専用の もの(struct/絵文字 175-230) / ぶんきの 🪧(size84・どこも おなじ)","A","この spot 専用の ものが 立って いる","L2","",""
"deepsea","kelpclear","こんぶのきれま","rest","","","","","2","1","こんぶのもり","みちいろの じめん(alpha .28)だけ","D","画面は その へんの 地面と おなじ。何も ない","L0","",""
"deepsea","kelpdeep","こんぶのめいろ","path","","","","","3","0","こんぶのもり","ぶんきの 🪧(size84・どこも おなじ)","C","zone の なかの 通過点。🪧 いがい 何も ない","L0","",""
"deepsea","vent","あたたかいあな","rest","","","","","4","3","こんぶのもり","専用の もの(struct/絵文字 175-230) / 住民が あつまる(crowd>=3)","A","この spot 専用の ものが 立って いる","L2","",""
"deepsea","anchor","おおきないかり","rest","","","","","2","1","ちんぼつせんのあたり","専用の もの(struct/絵文字 175-230)","A","この spot 専用の ものが 立って いる","L2","",""
"deepsea","wreck","ちんぼつせん","shelter","","","","","4","6","ちんぼつせんのあたり","専用の もの(struct/絵文字 175-230) / 住民が あつまる(crowd>=3)","A","この spot 専用の ものが 立って いる","L2","",""
"deepsea","deck","かたむいたデッキ","path","","","","","3","1","ちんぼつせんのあたり","ぶんきの 🪧(size84・どこも おなじ)","C","zone の なかの 通過点。🪧 いがい 何も ない","L0","",""
"deepsea","cabin","せんちょうしつ","rest","","","","","3","2","ちんぼつせんのあたり","みちいろの じめん(alpha .28)だけ","D","画面は その へんの 地面と おなじ。何も ない","L0","",""
"deepsea","cavern","ふねのうらのどうくつ","rest","","yes","","","2","1","ちんぼつせんのあたり","まわりを しゃへいぶつ 4つで かこむ","A","しゃへいぶつの わ を ぬけた さきに ある。体験として 成立","L3","",""
"deepsea","glow1","ひかるふかば","water","","","","","3","3","ひかるふかば","専用の もの(struct/絵文字 175-230) / あおい みずたまり(半径いっぱい) / 住民が あつまる(crowd>=3)","A","みずたまりが 半径いっぱいに えがかれる","L2","",""
"deepsea","glow2","ひかりのにわ","water","","","","","4","3","ひかるふかば","専用の もの(struct/絵文字 175-230) / あおい みずたまり(半径いっぱい) / 住民が あつまる(crowd>=3)","A","みずたまりが 半径いっぱいに えがかれる","L2","",""
"deepsea","glowpath","ひかりのこみち","path","","","","","3","0","ひかるふかば","ぶんきの 🪧(size84・どこも おなじ)","C","zone の なかの 通過点。🪧 いがい 何も ない","L0","",""
"deepsea","glowbig","おおきなひかりごけ","water","","","","","4","2","ひかるふかば","専用の もの(struct/絵文字 175-230) / あおい みずたまり(半径いっぱい)","A","みずたまりが 半径いっぱいに えがかれる","L2","",""
"deepsea","glowsecret","ひかりのかくれば","rest","","yes","","","1","1","ひかるふかば","まわりを しゃへいぶつ 4つで かこむ","A","しゃへいぶつの わ を ぬけた さきに ある。体験として 成立","L3","",""
"deepsea","pillars","しずんだはしら","path","","","","","3","1","かいていのいせき","専用の もの(struct/絵文字 175-230) / ぶんきの 🪧(size84・どこも おなじ)","A","この spot 専用の ものが 立って いる","L2","",""
"deepsea","ruins","かいていのいせき","plaza","","","","","4","3","かいていのいせき","専用の もの(struct/絵文字 175-230) / 住民が あつまる(crowd>=3) / ぶんきの 🪧(size84・どこも おなじ)","A","この spot 専用の ものが 立って いる","L2","",""
"deepsea","ruinhall","いせきのひろま","rest","","","","","3","2","かいていのいせき","みちいろの じめん(alpha .28)だけ","F","なまえは とくちょうを やくそくする のに 画面に それが ない","L0","とくちょう物を 1つ 足すか、なまえを 弱める",""
"deepsea","ruinhidden","いせきのおくのま","rest","","yes","","","2","1","かいていのいせき","まわりを しゃへいぶつ 4つで かこむ","A","しゃへいぶつの わ を ぬけた さきに ある。体験として 成立","L3","",""
"deepsea","vents","ねっすいこう","water","","","","","3","2","ねっすいこう","専用の もの(struct/絵文字 175-230) / あおい みずたまり(半径いっぱい)","A","みずたまりが 半径いっぱいに えがかれる","L2","",""
"deepsea","chimney","くろいえんとつ","edge","","","","","3","1","ねっすいこう","カメラが 引く(430→560/600)","B","場所としては いみが ある が、目じるしは ない","L0","",""
"deepsea","hotspring","かいていのおんせん","rest","","yes","","","1","2","ねっすいこう","まわりを しゃへいぶつ 4つで かこむ","A","しゃへいぶつの わ を ぬけた さきに ある。体験として 成立","L3","",""
"deepsea","anglers","ちょうちんのみち","path","","","","","3","1","かいこう","ぶんきの 🪧(size84・どこも おなじ)","C","zone の なかの 通過点。🪧 いがい 何も ない","L0","",""
"deepsea","trenchwall","かいこうのかべ","path","","","","","2","0","かいこう","みちいろの じめん(alpha .28)だけ","C","zone の なかの 通過点。🪧 いがい 何も ない","L0","",""
"deepsea","trench","かいこうのふち","water","","","","","5","2","かいこう","あおい みずたまり(半径いっぱい)","A","みずたまりが 半径いっぱいに えがかれる","L2","",""
"deepsea","ledge","いわだな","rest","","","","","2","1","かいこう","みちいろの じめん(alpha .28)だけ","F","なまえは とくちょうを やくそくする のに 画面に それが ない","L0","とくちょう物を 1つ 足すか、なまえを 弱める",""
"deepsea","abyssgate","やみのいりぐち","path","","","","","4","0","ふかいやみ","ぶんきの 🪧(size84・どこも おなじ)","C","zone の なかの 通過点。🪧 いがい 何も ない","L0","",""
"deepsea","lastlight","さいごのひかり","water","","","","","2","1","ふかいやみ","専用の もの(struct/絵文字 175-230) / あおい みずたまり(半径いっぱい)","A","みずたまりが 半径いっぱいに えがかれる","L2","",""
"deepsea","abyss","いちばんふかいところ","deep","","","","","2","1","ふかいやみ","みちいろの じめん(alpha .28)だけ","D","画面は その へんの 地面と おなじ。何も ない","L0","",""
"river_lake","bank","かわぎし","plaza","","","","mouth","1","1","かわぎし","ひろばの じめん(alpha .5)だけ","D","画面は その へんの 地面と おなじ。何も ない","L0","",""
"river_lake","riverside","かわぎしのひろば","plaza","","","yes","gate","3","8","かわぎし","住民が あつまる(crowd>=3) / ぶんきの 🪧(size84・どこも おなじ)","B","場所としては いみが ある が、目じるしは ない","L0","",""
"river_lake","river1","かわ","water","","","","","3","6","かわぎし","専用の もの(struct/絵文字 175-230) / あおい みずたまり(半径いっぱい) / 住民が あつまる(crowd>=3)","A","みずたまりが 半径いっぱいに えがかれる","L2","",""
"river_lake","riverbend","かわのまがり","path","","","","","2","0","かわぎし","みちいろの じめん(alpha .28)だけ","C","zone の なかの 通過点。🪧 いがい 何も ない","L0","",""
"river_lake","rightpath","みぎぎしのみち","path","","","","","3","1","かわぎし","ぶんきの 🪧(size84・どこも おなじ)","C","zone の なかの 通過点。🪧 いがい 何も ない","L0","",""
"river_lake","bridge1","きのはし","path","","","","","3","2","はしのあたり","専用の もの(struct/絵文字 175-230) / ぶんきの 🪧(size84・どこも おなじ)","A","この spot 専用の ものが 立って いる","L2","",""
"river_lake","leftbank","ひだりぎし","path","","","","","4","1","はしのあたり","ぶんきの 🪧(size84・どこも おなじ)","C","zone の なかの 通過点。🪧 いがい 何も ない","L0","",""
"river_lake","bridge2","おおきなはし","path","bridge","","","","4","2","はしのあたり","専用の おおきな めじるし(size560)","A","landmark。画面を 占める 大きさ(560)で ぜったいに わかる","L3","",""
"river_lake","spring","わきみず","water","","yes","","","1","1","はしのあたり","あおい みずたまり(半径いっぱい) / まわりを しゃへいぶつ 4つで かこむ","A","しゃへいぶつの わ を ぬけた さきに ある。体験として 成立","L3","",""
"river_lake","reeds","あしはら","grove","","","","","4","2","あしはら","専用の もの(struct/絵文字 175-230) / ぶんきの 🪧(size84・どこも おなじ)","A","この spot 専用の ものが 立って いる","L2","",""
"river_lake","reedhut","あしのこや","shelter","","","","","2","1","あしはら","専用の もの(struct/絵文字 175-230)","A","この spot 専用の ものが 立って いる","L2","",""
"river_lake","reedpath","あしのこみち","path","","","","","4","0","あしはら","ぶんきの 🪧(size84・どこも おなじ)","C","zone の なかの 通過点。🪧 いがい 何も ない","L0","",""
"river_lake","heron","とりのなかす","water","","","","","4","2","あしはら","専用の もの(struct/絵文字 175-230) / あおい みずたまり(半径いっぱい)","A","みずたまりが 半径いっぱいに えがかれる","L2","",""
"river_lake","marsh","しっち","water","","","","","4","2","しっち","専用の もの(struct/絵文字 175-230) / あおい みずたまり(半径いっぱい)","A","みずたまりが 半径いっぱいに えがかれる","L2","",""
"river_lake","marshwalk","いたのみち","path","","","","","2","0","しっち","みちいろの じめん(alpha .28)だけ","C","zone の なかの 通過点。🪧 いがい 何も ない","L0","",""
"river_lake","marshhide","しっちのかくれば","rest","","yes","","","1","1","しっち","まわりを しゃへいぶつ 4つで かこむ","A","しゃへいぶつの わ を ぬけた さきに ある。体験として 成立","L3","",""
"river_lake","gorge","かわのせまいところ","path","","","","","3","1","かわのせまいところ","専用の もの(struct/絵文字 175-230) / ぶんきの 🪧(size84・どこも おなじ)","A","この spot 専用の ものが 立って いる","L2","",""
"river_lake","rapids","はやせ","water","","","","","4","2","かわのせまいところ","あおい みずたまり(半径いっぱい)","A","みずたまりが 半径いっぱいに えがかれる","L2","",""
"river_lake","gorgerock","かわのおおいわ","rest","","","","","3","1","かわのせまいところ","専用の もの(struct/絵文字 175-230)","A","この spot 専用の ものが 立って いる","L2","",""
"river_lake","riverfalls","かわのたき","water","waterfall","","","","4","3","かわのたき","専用の おおきな めじるし(size560) / あおい みずたまり(半径いっぱい) / 住民が あつまる(crowd>=3)","A","landmark。画面を 占める 大きさ(560)で ぜったいに わかる","L3","",""
"river_lake","fallsside","たきのよこみち","path","","","","","3","0","かわのたき","ぶんきの 🪧(size84・どこも おなじ)","F","なまえは とくちょうを やくそくする のに 画面に それが ない","L0","たき: 水の 目じるしを 置くか、なまえを「たきへの みち」寄りに",""
"river_lake","fallspool","たきつぼ","water","","","","","4","2","かわのたき","あおい みずたまり(半径いっぱい)","A","みずたまりが 半径いっぱいに えがかれる","L2","",""
"river_lake","fallscave","たきのうらのくぼ","rest","","yes","","","1","1","かわのたき","まわりを しゃへいぶつ 4つで かこむ","A","しゃへいぶつの わ を ぬけた さきに ある。体験として 成立","L3","",""
"river_lake","upper","かみながれ","water","","","","","4","2","かみながれ","専用の もの(struct/絵文字 175-230) / あおい みずたまり(半径いっぱい)","A","みずたまりが 半径いっぱいに えがかれる","L2","",""
"river_lake","logbridge","まるたのはし","path","","","","","3","0","かみながれ","専用の もの(struct/絵文字 175-230) / ぶんきの 🪧(size84・どこも おなじ)","A","この spot 専用の ものが 立って いる","L2","",""
"river_lake","otter","かわうそのいわ","rest","","","","","3","1","かみながれ","専用の もの(struct/絵文字 175-230)","A","この spot 専用の ものが 立って いる","L2","",""
"river_lake","upperlook","かみながれのてんぼう","edge","","","","","2","1","かみながれ","カメラが 引く(430→560/600)","F","なまえは とくちょうを やくそくする のに 画面に それが ない","L0","みはらし: てすり/岩/道しるべ など 1つ 置けば L2 に 上げられる","cam=wide"
"river_lake","upperhut","かわのこや","shelter","","","","","2","2","かみながれ","専用の もの(struct/絵文字 175-230)","A","この spot 専用の ものが 立って いる","L2","",""
"river_lake","lakelook","みずうみのてんぼう","edge","","","","gate","2","1","みずうみのほとり","カメラが 引く(430→560/600)","F","なまえは とくちょうを やくそくする のに 画面に それが ない","L0","みはらし: てすり/岩/道しるべ など 1つ 置けば L2 に 上げられる","cam=wide"
"river_lake","lake","みずうみ","water","","","","","5","6","みずうみのほとり","専用の もの(struct/絵文字 175-230) / あおい みずたまり(半径いっぱい) / 住民が あつまる(crowd>=3)","A","みずたまりが 半径いっぱいに えがかれる","L2","",""
"river_lake","lakeshore","みずうみのはま","plaza","","","","","3","5","みずうみのほとり","住民が あつまる(crowd>=3) / ぶんきの 🪧(size84・どこも おなじ)","B","場所としては いみが ある が、目じるしは ない","L0","",""
"river_lake","boathouse","ふねごや","shelter","","","","","3","3","みずうみのほとり","専用の もの(struct/絵文字 175-230) / 住民が あつまる(crowd>=3)","A","この spot 専用の ものが 立って いる","L2","",""
"river_lake","fishing","つりのいわ","water","","","","","2","2","みずうみのほとり","専用の もの(struct/絵文字 175-230) / あおい みずたまり(半径いっぱい)","A","みずたまりが 半径いっぱいに えがかれる","L2","",""
"river_lake","island","なかのしま","grove","","","","","2","1","なかのしま","専用の もの(struct/絵文字 175-230)","A","この spot 専用の ものが 立って いる","L2","",""
"river_lake","islet","ちいさなしま","edge","","yes","","","2","1","なかのしま","カメラが 引く(430→560/600) / まわりを しゃへいぶつ 4つで かこむ","A","しゃへいぶつの わ を ぬけた さきに ある。体験として 成立","L3","",""
"jungle","entry","ジャングルのいりぐち","plaza","","","","gate","1","1","ジャングルのいりぐち","ひろばの じめん(alpha .5)だけ","D","画面は その へんの 地面と おなじ。何も ない","L0","",""
"jungle","clearing","ひらけたばしょ","plaza","","","yes","","4","8","ジャングルのいりぐち","専用の もの(struct/絵文字 175-230) / 住民が あつまる(crowd>=3) / ぶんきの 🪧(size84・どこも おなじ)","A","この spot 専用の ものが 立って いる","L2","",""
"jungle","vines1","つるのみち","path","","","","","3","1","つるのみち","ぶんきの 🪧(size84・どこも おなじ)","C","zone の なかの 通過点。🪧 いがい 何も ない","L0","",""
"jungle","vines2","つるのおく","path","","","","","3","1","つるのみち","ぶんきの 🪧(size84・どこも おなじ)","C","zone の なかの 通過点。🪧 いがい 何も ない","L0","",""
"jungle","vineclear","つるのきれま","rest","","","","","2","1","つるのみち","みちいろの じめん(alpha .28)だけ","D","画面は その へんの 地面と おなじ。何も ない","L0","",""
"jungle","vinesdeep","つるのめいろ","path","","","","","2","0","つるのみち","みちいろの じめん(alpha .28)だけ","C","zone の なかの 通過点。🪧 いがい 何も ない","L0","",""
"jungle","jriver","ジャングルのかわ","water","","","","","3","3","ジャングルのかわ","専用の もの(struct/絵文字 175-230) / あおい みずたまり(半径いっぱい) / 住民が あつまる(crowd>=3)","A","みずたまりが 半径いっぱいに えがかれる","L2","",""
"jungle","ford","かわのあさせ","path","","","","","4","1","ジャングルのかわ","ぶんきの 🪧(size84・どこも おなじ)","C","zone の なかの 通過点。🪧 いがい 何も ない","L0","",""
"jungle","logcross","まるたわたり","path","","","","","2","0","ジャングルのかわ","専用の もの(struct/絵文字 175-230)","A","この spot 専用の ものが 立って いる","L2","",""
"jungle","falls","たき","water","waterfall","","","","4","6","たきのあたり","専用の おおきな めじるし(size560) / あおい みずたまり(半径いっぱい) / 住民が あつまる(crowd>=3)","A","landmark。画面を 占める 大きさ(560)で ぜったいに わかる","L3","",""
"jungle","behindfalls","たきのうら","rest","","yes","","","1","1","たきのあたり","まわりを しゃへいぶつ 4つで かこむ","A","しゃへいぶつの わ を ぬけた さきに ある。体験として 成立","L3","",""
"jungle","fallsrock","たきよこのいわ","rest","","","","","3","1","たきのあたり","専用の もの(struct/絵文字 175-230)","A","この spot 専用の ものが 立って いる","L2","",""
"jungle","canopy","おおきなきのした","shelter","","","","","3","5","きのうえ","専用の もの(struct/絵文字 175-230) / 住民が あつまる(crowd>=3)","A","この spot 専用の ものが 立って いる","L2","",""
"jungle","nest","すのあたり","rest","","","","","3","2","きのうえ","専用の もの(struct/絵文字 175-230)","A","この spot 専用の ものが 立って いる","L2","",""
"jungle","treeplatform","きのうえのあしば","rest","","","","","3","1","きのうえ","専用の もの(struct/絵文字 175-230)","A","この spot 専用の ものが 立って いる","L2","",""
"jungle","hanging","つりばし","path","","","","","3","1","きのうえ","専用の もの(struct/絵文字 175-230) / ぶんきの 🪧(size84・どこも おなじ)","A","この spot 専用の ものが 立って いる","L2","",""
"jungle","canopywalk","こずえのみち","path","","","","","3","0","きのうえ","ぶんきの 🪧(size84・どこも おなじ)","C","zone の なかの 通過点。🪧 いがい 何も ない","L0","",""
"jungle","swamp","どろのぬま","water","","","","","4","2","どろのぬま","専用の もの(struct/絵文字 175-230) / あおい みずたまり(半径いっぱい)","A","みずたまりが 半径いっぱいに えがかれる","L2","",""
"jungle","swamplog","ぬまのまるた","path","","","","","2","0","どろのぬま","専用の もの(struct/絵文字 175-230)","A","この spot 専用の ものが 立って いる","L2","",""
"jungle","swamphide","ぬまのかくれば","rest","","yes","","","1","1","どろのぬま","まわりを しゃへいぶつ 4つで かこむ","A","しゃへいぶつの わ を ぬけた さきに ある。体験として 成立","L3","",""
"jungle","ruins","いせき","plaza","","","","","4","6","いせき","専用の もの(struct/絵文字 175-230) / 住民が あつまる(crowd>=3) / ぶんきの 🪧(size84・どこも おなじ)","A","この spot 専用の ものが 立って いる","L2","",""
"jungle","steps","いせきのかいだん","path","","","","","4","1","いせき","ぶんきの 🪧(size84・どこも おなじ)","F","なまえは とくちょうを やくそくする のに 画面に それが ない","L0","とくちょう物を 1つ 足すか、なまえを 弱める",""
"jungle","ruinwall","くずれたかべ","path","","","","","3","0","いせき","ぶんきの 🪧(size84・どこも おなじ)","C","zone の なかの 通過点。🪧 いがい 何も ない","L0","",""
"jungle","hidden","いせきのちかしつ","rest","","yes","","","2","1","いせき","まわりを しゃへいぶつ 4つで かこむ","A","しゃへいぶつの わ を ぬけた さきに ある。体験として 成立","L3","",""
"jungle","temple","おおきないせき","edge","temple","","","","4","3","いせき","専用の おおきな めじるし(size560) / カメラが 引く(430→560/600) / 住民が あつまる(crowd>=3)","A","landmark。画面を 占める 大きさ(560)で ぜったいに わかる","L3","","cam=wide"
"jungle","caves","どうくつのいりぐち","shelter","","","","","4","2","どうくつぐん","専用の もの(struct/絵文字 175-230)","A","この spot 専用の ものが 立って いる","L2","",""
"jungle","cavefall","どうくつのしみず","water","","","","","3","1","どうくつぐん","あおい みずたまり(半径いっぱい)","A","みずたまりが 半径いっぱいに えがかれる","L2","",""
"jungle","cavehall","どうくつのひろま","rest","","","","","4","2","どうくつぐん","みちいろの じめん(alpha .28)だけ","F","なまえは とくちょうを やくそくする のに 画面に それが ない","L0","とくちょう物を 1つ 足すか、なまえを 弱める",""
"jungle","cavepath","どうくつのうらみち","path","","","","","3","0","どうくつぐん","ぶんきの 🪧(size84・どこも おなじ)","F","なまえは とくちょうを やくそくする のに 画面に それが ない","L0","とくちょう物を 1つ 足すか、なまえを 弱める",""
"jungle","cavedeep","どうくつのおく","rest","","yes","","","1","1","どうくつぐん","まわりを しゃへいぶつ 4つで かこむ","A","しゃへいぶつの わ を ぬけた さきに ある。体験として 成立","L3","",""
"jungle","valleygate","たにへのおりくち","path","","","","","3","1","はなのたに","ぶんきの 🪧(size84・どこも おなじ)","C","zone の なかの 通過点。🪧 いがい 何も ない","L0","",""
"jungle","flowers","はなのたに","grove","","","","","4","3","はなのたに","専用の もの(struct/絵文字 175-230) / 住民が あつまる(crowd>=3) / ぶんきの 🪧(size84・どこも おなじ)","A","この spot 専用の ものが 立って いる","L2","",""
"jungle","flowerpath","はなのこみち","path","","","","","2","0","はなのたに","みちいろの じめん(alpha .28)だけ","C","zone の なかの 通過点。🪧 いがい 何も ない","L0","",""
"jungle","giantflower","きょだいなはな","grove","","","","","3","2","はなのたに","専用の もの(struct/絵文字 175-230) / ぶんきの 🪧(size84・どこも おなじ)","A","この spot 専用の ものが 立って いる","L2","",""
"jungle","pollen","はなふぶきのくぼ","rest","","","","","2","1","はなのたに","みちいろの じめん(alpha .28)だけ","D","画面は その へんの 地面と おなじ。何も ない","L0","",""
"jungle","deep1","ふかいジャングル","grove","","","","","5","2","ふかいジャングル","ぶんきの 🪧(size84・どこも おなじ)","C","zone の なかの 通過点。🪧 いがい 何も ない","L0","",""
"jungle","deep2","ジャングルのしん","grove","","","","","3","1","ふかいジャングル","ぶんきの 🪧(size84・どこも おなじ)","C","zone の なかの 通過点。🪧 いがい 何も ない","L0","",""
"jungle","deeproot","おおきなねのトンネル","path","","","","","3","0","ふかいジャングル","ぶんきの 🪧(size84・どこも おなじ)","F","なまえは とくちょうを やくそくする のに 画面に それが ない","L0","とくちょう物を 1つ 足すか、なまえを 弱める","cam=narrow"
"jungle","deephide","つたのかくれば","rest","","yes","","","1","1","ふかいジャングル","まわりを しゃへいぶつ 4つで かこむ","A","しゃへいぶつの わ を ぬけた さきに ある。体験として 成立","L3","",""
"jungle","deepheart","ジャングルのおくのおく","edge","","","","","2","1","ふかいジャングル","カメラが 引く(430→560/600)","B","場所としては いみが ある が、目じるしは ない","L0","","cam=wide"
"desert","gate","さばくのいりぐち","plaza","","","","mouth","1","1","さばくのいりぐち","ひろばの じめん(alpha .5)だけ","D","画面は その へんの 地面と おなじ。何も ない","L0","",""
"desert","well","いどのひろば","plaza","","","yes","","4","8","さばくのいりぐち","専用の もの(struct/絵文字 175-230) / 住民が あつまる(crowd>=3) / ぶんきの 🪧(size84・どこも おなじ)","A","この spot 専用の ものが 立って いる","L2","",""
"desert","dune1","すなやま","path","","","","","3","1","すなやま","ぶんきの 🪧(size84・どこも おなじ)","C","zone の なかの 通過点。🪧 いがい 何も ない","L0","",""
"desert","dunecrest","すなやまのおね","edge","","","","","3","1","すなやま","カメラが 引く(430→560/600)","F","なまえは とくちょうを やくそくする のに 画面に それが ない","L0","みはらし: てすり/岩/道しるべ など 1つ 置けば L2 に 上げられる","cam=wide"
"desert","dune2","おおきなすなやま","path","","","","","3","1","すなやま","ぶんきの 🪧(size84・どこも おなじ)","F","なまえは とくちょうを やくそくする のに 画面に それが ない","L0","とくちょう物を 1つ 足すか、なまえを 弱める",""
"desert","dunehollow","すなのくぼ","rest","","","","","3","1","すなやま","専用の もの(struct/絵文字 175-230)","A","この spot 専用の ものが 立って いる","L2","",""
"desert","canyon","いわのたに","path","","","","","2","1","いわのたに","専用の もの(struct/絵文字 175-230)","A","この spot 専用の ものが 立って いる","L2","",""
"desert","canyonnarrow","いわのせまみち","path","","","","","3","0","いわのたに","ぶんきの 🪧(size84・どこも おなじ)","F","なまえは とくちょうを やくそくする のに 画面に それが ない","L0","とくちょう物を 1つ 足すか、なまえを 弱める",""
"desert","canyonshade","いわかげのみずたまり","water","","","","","3","2","いわのたに","あおい みずたまり(半径いっぱい)","A","みずたまりが 半径いっぱいに えがかれる","L2","",""
"desert","oasis","オアシス","water","palms","","","","3","7","オアシス","専用の おおきな めじるし(size560) / あおい みずたまり(半径いっぱい) / 住民が あつまる(crowd>=3)","A","landmark。画面を 占める 大きさ(560)で ぜったいに わかる","L3","",""
"desert","oasiscamp","オアシスのテント","shelter","","","","","2","3","オアシス","専用の もの(struct/絵文字 175-230) / 住民が あつまる(crowd>=3)","A","この spot 専用の ものが 立って いる","L2","",""
"desert","oasisback","オアシスのうら","rest","","","","","2","1","オアシス","みちいろの じめん(alpha .28)だけ","D","画面は その へんの 地面と おなじ。何も ない","L0","",""
"desert","caravan","キャラバンのテント","shelter","","","","mouth","3","6","キャラバンのあたり","専用の もの(struct/絵文字 175-230) / 住民が あつまる(crowd>=3)","A","この spot 専用の ものが 立って いる","L2","",""
"desert","tentwell","キャラバンのいど","rest","","","","","3","2","キャラバンのあたり","専用の もの(struct/絵文字 175-230)","A","この spot 専用の ものが 立って いる","L2","",""
"desert","camel","ラクダのみずば","water","","","","","3","2","キャラバンのあたり","専用の もの(struct/絵文字 175-230) / あおい みずたまり(半径いっぱい)","A","みずたまりが 半径いっぱいに えがかれる","L2","",""
"desert","cliff","がけのかげ","rest","","","","","3","2","キャラバンのあたり","専用の もの(struct/絵文字 175-230)","A","この spot 専用の ものが 立って いる","L2","",""
"desert","mesa1","メサのふもと","path","","","","","3","1","メサのあたり","ぶんきの 🪧(size84・どこも おなじ)","C","zone の なかの 通過点。🪧 いがい 何も ない","L0","",""
"desert","mesacave","メサのほらあな","rest","","yes","","","1","1","メサのあたり","まわりを しゃへいぶつ 4つで かこむ","A","しゃへいぶつの わ を ぬけた さきに ある。体験として 成立","L3","",""
"desert","mesa2","おおきなメサ","edge","","","","","2","2","メサのあたり","カメラが 引く(430→560/600)","F","なまえは とくちょうを やくそくする のに 画面に それが ない","L0","みはらし: てすり/岩/道しるべ など 1つ 置けば L2 に 上げられる","cam=wide"
"desert","mesashade","メサのかげ","rest","","","","","3","1","メサのあたり","みちいろの じめん(alpha .28)だけ","D","画面は その へんの 地面と おなじ。何も ない","L0","",""
"desert","ruins","いしのいせき","plaza","","","","","3","3","いせき","専用の もの(struct/絵文字 175-230) / 住民が あつまる(crowd>=3) / ぶんきの 🪧(size84・どこも おなじ)","A","この spot 専用の ものが 立って いる","L2","",""
"desert","ruinsteps","いせきのかいだん","path","","","","","3","0","いせき","ぶんきの 🪧(size84・どこも おなじ)","F","なまえは とくちょうを やくそくする のに 画面に それが ない","L0","とくちょう物を 1つ 足すか、なまえを 弱める",""
"desert","pillars","はしらのみち","path","","","","","3","1","いせき","ぶんきの 🪧(size84・どこも おなじ)","F","なまえは とくちょうを やくそくする のに 画面に それが ない","L0","とくちょう物を 1つ 足すか、なまえを 弱める",""
"desert","ruinyard","いせきのなかにわ","rest","","","","","3","2","いせき","専用の もの(struct/絵文字 175-230)","A","この spot 専用の ものが 立って いる","L2","",""
"desert","saltflat","しおのひらち","plaza","","","","","3","1","しおのひらち","ぶんきの 🪧(size84・どこも おなじ)","D","画面は その へんの 地面と おなじ。何も ない","L0","",""
"desert","saltpool","しおのみずたまり","water","","","","","3","1","しおのひらち","あおい みずたまり(半径いっぱい)","A","みずたまりが 半径いっぱいに えがかれる","L2","",""
"desert","saltmark","しおのみちしるべ","path","","","","","3","0","しおのひらち","専用の もの(struct/絵文字 175-230) / ぶんきの 🪧(size84・どこも おなじ)","B","場所としては いみが ある が、目じるしは ない","L0","",""
"desert","sandsea","すなのうみ","path","","","","","3","1","すなのうみ","ぶんきの 🪧(size84・どこも おなじ)","C","zone の なかの 通過点。🪧 いがい 何も ない","L0","",""
"desert","sandhollow","すなのそこ","path","","","","","3","0","すなのうみ","ぶんきの 🪧(size84・どこも おなじ)","C","zone の なかの 通過点。🪧 いがい 何も ない","L0","",""
"desert","sandridge","すなのおね","edge","","","","","2","1","すなのうみ","カメラが 引く(430→560/600)","F","なまえは とくちょうを やくそくする のに 画面に それが ない","L0","みはらし: てすり/岩/道しるべ など 1つ 置けば L2 に 上げられる","cam=wide"
"desert","buried","すなにうまったもん","rest","","yes","","","1","1","すなのうみ","まわりを しゃへいぶつ 4つで かこむ","A","しゃへいぶつの わ を ぬけた さきに ある。体験として 成立","L3","",""
"desert","bonevale","ほねのたにま","plaza","","","","","3","1","ほねのたにま","ぶんきの 🪧(size84・どこも おなじ)","D","画面は その へんの 地面と おなじ。何も ない","L0","",""
"desert","bones","ほねのおか","rest","","yes","","","1","1","ほねのたにま","まわりを しゃへいぶつ 4つで かこむ","A","しゃへいぶつの わ を ぬけた さきに ある。体験として 成立","L3","",""
"desert","bonearch","ほねのアーチ","edge","","","","","3","1","ほねのたにま","カメラが 引く(430→560/600)","B","場所としては いみが ある が、目じるしは ない","L0","","cam=wide"
"desert","lastwell","さいごのいど","rest","","","","","3","1","さばくのはて","専用の もの(struct/絵文字 175-230)","A","この spot 専用の ものが 立って いる","L2","",""
"desert","mirage","しんきろうのおか","edge","","","","","3","1","さばくのはて","カメラが 引く(430→560/600)","B","場所としては いみが ある が、目じるしは ない","L0","",""
"desert","pyramid","おおきないせき","edge","temple","","","","4","2","さばくのはて","専用の おおきな めじるし(size560) / カメラが 引く(430→560/600)","A","landmark。画面を 占める 大きさ(560)で ぜったいに わかる","L3","","cam=wide"
"desert","spring","かくれたいずみ","water","","yes","","","1","1","さばくのはて","あおい みずたまり(半径いっぱい) / まわりを しゃへいぶつ 4つで かこむ","A","しゃへいぶつの わ を ぬけた さきに ある。体験として 成立","L3","",""
"desert","endsand","さいはてのすなやま","path","","","","","2","0","さばくのはて","みちいろの じめん(alpha .28)だけ","C","zone の なかの 通過点。🪧 いがい 何も ない","L0","",""
"desert","sunstone","ひのいし","rest","","","","","1","1","さばくのはて","専用の もの(struct/絵文字 175-230)","A","この spot 専用の ものが 立って いる","L2","",""
"star_stop","stop","ていりゅうじょ","plaza","bigstop","","","gate","2","5","ていりゅうじょ","専用の おおきな めじるし(size560) / 住民が あつまる(crowd>=3)","A","landmark。画面を 占める 大きさ(560)で ぜったいに わかる","L3","",""
"star_stop","platform","まちあいのひろば","plaza","","","yes","","5","8","ていりゅうじょ","専用の もの(struct/絵文字 175-230) / 住民が あつまる(crowd>=3) / ぶんきの 🪧(size84・どこも おなじ)","A","この spot 専用の ものが 立って いる","L2","",""
"star_stop","stopbench","ていりゅうじょのベンチ","rest","","","","","2","2","ていりゅうじょ","専用の もの(struct/絵文字 175-230)","A","この spot 専用の ものが 立って いる","L2","",""
"star_stop","bench","ほしをみるベンチ","rest","","","","","2","3","にしのうきしま","専用の もの(struct/絵文字 175-230) / 住民が あつまる(crowd>=3)","A","この spot 専用の ものが 立って いる","L2","",""
"star_stop","westlamp","にしのあかり","path","","","","","3","0","にしのうきしま","専用の もの(struct/絵文字 175-230) / ぶんきの 🪧(size84・どこも おなじ)","A","この spot 専用の ものが 立って いる","L2","",""
"star_stop","isle2","ほしのはたけ","grove","","","","","3","3","にしのうきしま","専用の もの(struct/絵文字 175-230) / 住民が あつまる(crowd>=3) / ぶんきの 🪧(size84・どこも おなじ)","A","この spot 専用の ものが 立って いる","L2","",""
"star_stop","westbridge","にしのひかりばし","path","","","","","3","0","にしのうきしま","ぶんきの 🪧(size84・どこも おなじ)","C","zone の なかの 通過点。🪧 いがい 何も ない","L0","",""
"star_stop","isle1","ちいさなうきしま","grove","","","","","3","2","ひがしのうきしま","専用の もの(struct/絵文字 175-230) / ぶんきの 🪧(size84・どこも おなじ)","A","この spot 専用の ものが 立って いる","L2","",""
"star_stop","secretview","ひみつのてんぼうだい","edge","","yes","","","1","1","ひがしのうきしま","専用の もの(struct/絵文字 175-230) / カメラが 引く(430→560/600) / まわりを しゃへいぶつ 4つで かこむ","A","しゃへいぶつの わ を ぬけた さきに ある。体験として 成立","L3","","cam=wide"
"star_stop","eastbridge","ひがしのひかりばし","path","","","","","3","0","ひがしのうきしま","ぶんきの 🪧(size84・どこも おなじ)","C","zone の なかの 通過点。🪧 いがい 何も ない","L0","",""
"star_stop","isle3","ねむるうきしま","rest","","","","","3","2","ひがしのうきしま","専用の もの(struct/絵文字 175-230)","A","この spot 専用の ものが 立って いる","L2","",""
"star_stop","cloud1","くものみち","path","","","","","3","2","くものかいろう","専用の もの(struct/絵文字 175-230) / ぶんきの 🪧(size84・どこも おなじ)","A","この spot 専用の ものが 立って いる","L2","",""
"star_stop","cloudwalk","くものかいろう","path","","","","","4","1","くものかいろう","ぶんきの 🪧(size84・どこも おなじ)","C","zone の なかの 通過点。🪧 いがい 何も ない","L0","",""
"star_stop","cloudgap","くものきれま","path","","","","","3","0","くものかいろう","ぶんきの 🪧(size84・どこも おなじ)","C","zone の なかの 通過点。🪧 いがい 何も ない","L0","",""
"star_stop","cloudrest","くもだまり","rest","","","","","3","1","くものかいろう","みちいろの じめん(alpha .28)だけ","D","画面は その へんの 地面と おなじ。何も ない","L0","",""
"star_stop","garden","ほしのたねのはたけ","grove","","","","","4","3","ほしのはたけ","専用の もの(struct/絵文字 175-230) / 住民が あつまる(crowd>=3) / ぶんきの 🪧(size84・どこも おなじ)","A","この spot 専用の ものが 立って いる","L2","",""
"star_stop","farisle","とおいうきしま","edge","","","","","3","2","ほしのはたけ","専用の もの(struct/絵文字 175-230) / カメラが 引く(430→560/600)","A","この spot 専用の ものが 立って いる","L2","",""
"star_stop","gardenpath","はたけのあぜ","path","","","","","3","0","ほしのはたけ","ぶんきの 🪧(size84・どこも おなじ)","C","zone の なかの 通過点。🪧 いがい 何も ない","L0","",""
"star_stop","comet","ながれぼしのおか","edge","","yes","","","1","1","ほしのはたけ","カメラが 引く(430→560/600) / まわりを しゃへいぶつ 4つで かこむ","A","しゃへいぶつの わ を ぬけた さきに ある。体験として 成立","L3","",""
"star_stop","ruinisle","ふるいうきしま","plaza","","","","","4","2","ふるいうきしま","専用の もの(struct/絵文字 175-230) / ぶんきの 🪧(size84・どこも おなじ)","A","この spot 専用の ものが 立って いる","L2","",""
"star_stop","ruinhide","うきしまのしたがわ","rest","","yes","","","1","1","ふるいうきしま","まわりを しゃへいぶつ 4つで かこむ","A","しゃへいぶつの わ を ぬけた さきに ある。体験として 成立","L3","",""
"star_stop","ruinstair","くずれたかいだん","path","","","","","3","0","ふるいうきしま","ぶんきの 🪧(size84・どこも おなじ)","C","zone の なかの 通過点。🪧 いがい 何も ない","L0","",""
"star_stop","ruinlamp","きえかけのあかり","rest","","","","","2","1","ふるいうきしま","専用の もの(struct/絵文字 175-230)","A","この spot 専用の ものが 立って いる","L2","",""
"star_stop","stop2","つぎのていりゅうじょ","shelter","","","","","5","6","とおいていりゅうじょ","専用の もの(struct/絵文字 175-230) / 住民が あつまる(crowd>=3)","A","この spot 専用の ものが 立って いる","L2","",""
"star_stop","farlamp","とおいあかり","rest","","","","","2","1","とおいていりゅうじょ","専用の もの(struct/絵文字 175-230)","A","この spot 専用の ものが 立って いる","L2","",""
"star_stop","cloud2","ほしのかいだん","path","","","","","3","1","とおいていりゅうじょ","ぶんきの 🪧(size84・どこも おなじ)","C","zone の なかの 通過点。🪧 いがい 何も ない","L0","",""
"star_stop","stop3","さいごのていりゅうじょ","plaza","","","","","3","3","とおいていりゅうじょ","専用の もの(struct/絵文字 175-230) / 住民が あつまる(crowd>=3) / ぶんきの 🪧(size84・どこも おなじ)","A","この spot 専用の ものが 立って いる","L2","",""
"star_stop","moonisle","つきのしま","plaza","","","","","4","2","つきのしま","専用の もの(struct/絵文字 175-230) / ぶんきの 🪧(size84・どこも おなじ)","A","この spot 専用の ものが 立って いる","L2","",""
"star_stop","moonpath","つきのみち","path","","","","","3","0","つきのしま","ぶんきの 🪧(size84・どこも おなじ)","C","zone の なかの 通過点。🪧 いがい 何も ない","L0","",""
"star_stop","moonrest","つきのベンチ","rest","","","","","3","1","つきのしま","専用の もの(struct/絵文字 175-230)","A","この spot 専用の ものが 立って いる","L2","",""
"star_stop","laststop","さいはてのていりゅうじょ","plaza","","","","","3","1","そらのはて","専用の もの(struct/絵文字 175-230) / ぶんきの 🪧(size84・どこも おなじ)","A","この spot 専用の ものが 立って いる","L2","",""
"star_stop","edge","そらのはて","edge","","","","","2","1","そらのはて","カメラが 引く(430→560/600)","B","場所としては いみが ある が、目じるしは ない","L0","","cam=wide"
"star_stop","starfall","ほしのおちるところ","edge","","","","","1","1","そらのはて","カメラが 引く(430→560/600)","B","場所としては いみが ある が、目じるしは ない","L0","","cam=wide"
"star_stop","voidedge","なにもないところ","rest","","yes","","","1","1","そらのはて","まわりを しゃへいぶつ 4つで かこむ","A","しゃへいぶつの わ を ぬけた さきに ある。体験として 成立","L3","",""
"memory_lake","shore","みずうみのほとり","plaza","","","yes","","3","2","みずうみのほとり","ぶんきの 🪧(size84・どこも おなじ)","F","なまえは とくちょうを やくそくする のに 画面に それが ない","L0","とくちょう物を 1つ 足すか、なまえを 弱める",""
"memory_lake","willow","やなぎのした","shelter","","","","","3","3","みずうみのほとり","専用の もの(struct/絵文字 175-230) / 住民が あつまる(crowd>=3)","A","この spot 専用の ものが 立って いる","L2","",""
"memory_lake","water","しずかなみずも","water","","","","","2","3","みずうみのほとり","専用の もの(struct/絵文字 175-230) / あおい みずたまり(半径いっぱい) / 住民が あつまる(crowd>=3)","A","みずたまりが 半径いっぱいに えがかれる","L2","",""
"memory_lake","reeds","しずかなあしはら","grove","","","","","3","2","しずかなあしはら","専用の もの(struct/絵文字 175-230) / ぶんきの 🪧(size84・どこも おなじ)","A","この spot 専用の ものが 立って いる","L2","",""
"memory_lake","reedstone","あしのなかのいし","rest","","","","","2","1","しずかなあしはら","専用の もの(struct/絵文字 175-230)","A","この spot 専用の ものが 立って いる","L2","",""
"memory_lake","path1","きりのこみち","path","","","","","3","1","きりのなか","ぶんきの 🪧(size84・どこも おなじ)","C","zone の なかの 通過点。🪧 いがい 何も ない","L0","",""
"memory_lake","lantern","ともしびのおか","rest","","","","","3","1","きりのなか","専用の もの(struct/絵文字 175-230)","A","この spot 専用の ものが 立って いる","L2","",""
"memory_lake","stones","つみいし","rest","","","","","4","2","きりのなか","専用の もの(struct/絵文字 175-230)","A","この spot 専用の ものが 立って いる","L2","",""
"memory_lake","path2","きりのおく","path","","","","","3","0","きりのなか","ぶんきの 🪧(size84・どこも おなじ)","C","zone の なかの 通過点。🪧 いがい 何も ない","L0","",""
"memory_lake","mistfork","きりのわかれみち","path","","","","","3","0","きりのなか","ぶんきの 🪧(size84・どこも おなじ)","C","zone の なかの 通過点。🪧 いがい 何も ない","L0","",""
"memory_lake","boat","ふるいこぶね","rest","","yes","","","2","1","ともしびのみち","まわりを しゃへいぶつ 4つで かこむ","A","しゃへいぶつの わ を ぬけた さきに ある。体験として 成立","L3","",""
"memory_lake","lanternpath","ともしびのみち","path","","","","","4","1","ともしびのみち","専用の もの(struct/絵文字 175-230) / ぶんきの 🪧(size84・どこも おなじ)","A","この spot 専用の ものが 立って いる","L2","",""
"memory_lake","lantern2","ふたつめのともしび","rest","","","","","3","1","ともしびのみち","専用の もの(struct/絵文字 175-230)","A","この spot 専用の ものが 立って いる","L2","",""
"memory_lake","oldpier","くちたさんばし","path","","","","","3","0","ともしびのみち","ぶんきの 🪧(size84・どこも おなじ)","F","なまえは とくちょうを やくそくする のに 画面に それが ない","L0","とくちょう物を 1つ 足すか、なまえを 弱める",""
"memory_lake","path3","きりのもっとおく","path","","","","","4","0","みずうみのおく","ぶんきの 🪧(size84・どこも おなじ)","C","zone の なかの 通過点。🪧 いがい 何も ない","L0","",""
"memory_lake","deepstones","みずぎわのつみいし","rest","","","","","3","1","みずうみのおく","専用の もの(struct/絵文字 175-230)","A","この spot 専用の ものが 立って いる","L2","",""
"memory_lake","deep","みずうみのおく","deep","","yes","","","2","0","みずうみのおく","専用の もの(struct/絵文字 175-230) / まわりを しゃへいぶつ 4つで かこむ","A","しゃへいぶつの わ を ぬけた さきに ある。体験として 成立","L3","","cam=near"
"memory_lake","bottomgate","そこへのみち","path","","yes","","","4","0","みずうみのそこ","まわりを しゃへいぶつ 4つで かこむ","A","しゃへいぶつの わ を ぬけた さきに ある。体験として 成立","L3","",""
"memory_lake","lastlantern","さいごのともしび","rest","","yes","","","1","0","みずうみのそこ","専用の もの(struct/絵文字 175-230) / まわりを しゃへいぶつ 4つで かこむ","A","しゃへいぶつの わ を ぬけた さきに ある。体験として 成立","L3","",""
"memory_lake","bottom","みずうみのそこ","deep","","yes","","","1","0","みずうみのそこ","まわりを しゃへいぶつ 4つで かこむ","A","しゃへいぶつの わ を ぬけた さきに ある。体験として 成立","L3","","cam=near"
