state,particle_components,particle_pixels,occupied_area_px2,coverage_pct,max_local_12x12_pixels,max_local_12x12_pct,corridor_particle_pixels,corridor_trail_pixels,corridor_particle_to_trail_ratio,rear_particles_to_corridor_trail_ratio
normal,19,98,98,3.0759573132454485,31,21.52777777777778,15,73,0.2054794520547945,1.3424657534246576
happy,32,101,101,3.170119271814187,24,16.666666666666664,20,69,0.2898550724637681,1.463768115942029
strained,25,128,128,4.017576898932831,28,19.444444444444446,30,82,0.36585365853658536,1.5609756097560976
hungry,39,149,149,4.676710608913999,35,24.305555555555554,24,66,0.36363636363636365,2.257575757575758
sick,27,90,90,2.824858757062147,21,14.583333333333334,15,69,0.21739130434782608,1.3043478260869565
tired,35,135,135,4.23728813559322,30,20.833333333333336,30,65,0.46153846153846156,2.076923076923077
sulky,34,147,147,4.613935969868174,29,20.13888888888889,34,76,0.4473684210526316,1.9342105263157894
weak,28,83,83,2.605147520401758,19,13.194444444444445,22,68,0.3235294117647059,1.2205882352941178
critical,53,189,189,5.932203389830509,39,27.083333333333332,34,70,0.4857142857142857,2.7
wantsPlay,43,125,125,3.923414940364093,27,18.75,26,69,0.37681159420289856,1.8115942028985508
sleeping,28,102,102,3.2015065913371,33,22.916666666666664,12,89,0.1348314606741573,1.146067415730337
